{
    "metadata": {
        "model": "yolo11m",
        "license": "APGL-3.0",
        "run_parameters": {
            "imgsz": 640,
            "iou": 0.6,
            "max_det": 300,
            "conf": 0.001,
            "verbose": false
        },
        "param_count": 20091712,
        "run_date": "2024-09-30T04:53:30.195785+00:00"
    },
    "map50_95": 0.4985730583048321,
    "map50": 0.6699705830100839,
    "map75": 0.5376791695127155,
    "small_objects": {
        "map50_95": 0.22805224522679568,
        "map50": 0.3723304589552568,
        "map75": 0.23841838347436814
    },
    "medium_objects": {
        "map50_95": 0.4683352679615954,
        "map50": 0.6442044962270301,
        "map75": 0.5241591558978002
    },
    "large_objects": {
        "map50_95": 0.6293219248438574,
        "map50": 0.7694770600502057,
        "map75": 0.6737696162239775
    },
    "iou_thresholds": [
        0.5,
        0.55,
        0.6,
        0.65,
        0.7,
        0.75,
        0.8,
        0.85,
        0.8999999999999999,
        0.95
    ],
    "f1_50": 0.18854131028848034,
    "f1_75": 0.15301036273016522,
    "f1_small_objects": {
        "f1_50": 0.12029057828299773,
        "f1_75": 0.07346256983574839
    },
    "f1_medium_objects": {
        "f1_50": 0.20422795965315566,
        "f1_75": 0.17242144004338114
    },
    "f1_large_objects": {
        "f1_50": 0.3953382503953057,
        "f1_75": 0.3615294340041969
    },
    "f1_iou_thresholds": [
        0.5,
        0.55,
        0.6,
        0.65,
        0.7,
        0.75,
        0.8,
        0.85,
        0.8999999999999999,
        0.95
    ]
}