{
    "metadata": {
        "model": "yolo11x",
        "license": "APGL-3.0",
        "run_parameters": {
            "imgsz": 640,
            "iou": 0.6,
            "max_det": 300,
            "conf": 0.001,
            "verbose": false
        },
        "param_count": 56919424,
        "run_date": "2024-09-30T04:56:12.730134+00:00"
    },
    "map50_95": 0.5269240473065516,
    "map50": 0.6988729632401882,
    "map75": 0.5697211519482316,
    "small_objects": {
        "map50_95": 0.26812166305097557,
        "map50": 0.4174215417524291,
        "map75": 0.29117537238356844
    },
    "medium_objects": {
        "map50_95": 0.49422186775024707,
        "map50": 0.6677738876730264,
        "map75": 0.5537819405638407
    },
    "large_objects": {
        "map50_95": 0.6509716249782073,
        "map50": 0.7860645287527053,
        "map75": 0.695369307492311
    },
    "iou_thresholds": [
        0.5,
        0.55,
        0.6,
        0.65,
        0.7,
        0.75,
        0.8,
        0.85,
        0.8999999999999999,
        0.95
    ],
    "f1_50": 0.2288031947145225,
    "f1_75": 0.19005454140778252,
    "f1_small_objects": {
        "f1_50": 0.14216929415261406,
        "f1_75": 0.09335402326177307
    },
    "f1_medium_objects": {
        "f1_50": 0.25589548434833154,
        "f1_75": 0.22136433605226533
    },
    "f1_large_objects": {
        "f1_50": 0.4725176790746789,
        "f1_75": 0.43621725714227966
    },
    "f1_iou_thresholds": [
        0.5,
        0.55,
        0.6,
        0.65,
        0.7,
        0.75,
        0.8,
        0.85,
        0.8999999999999999,
        0.95
    ]
}