{
    "metadata": {
        "model": "yolo11l",
        "license": "APGL-3.0",
        "run_parameters": {
            "imgsz": 640,
            "iou": 0.6,
            "max_det": 300,
            "conf": 0.001,
            "verbose": false
        },
        "param_count": 25340992,
        "run_date": "2024-09-30T04:54:34.237832+00:00"
    },
    "map50_95": 0.5147562882873221,
    "map50": 0.6839904587355925,
    "map75": 0.5571299310290306,
    "small_objects": {
        "map50_95": 0.25158201044278067,
        "map50": 0.39475239296356945,
        "map75": 0.26968002362096327
    },
    "medium_objects": {
        "map50_95": 0.48774699362419505,
        "map50": 0.6632413865946212,
        "map75": 0.5452545686890365
    },
    "large_objects": {
        "map50_95": 0.6470517657071067,
        "map50": 0.7779600640444341,
        "map75": 0.6957210072646699
    },
    "iou_thresholds": [
        0.5,
        0.55,
        0.6,
        0.65,
        0.7,
        0.75,
        0.8,
        0.85,
        0.8999999999999999,
        0.95
    ],
    "f1_50": 0.20440283673334628,
    "f1_75": 0.16800061165304447,
    "f1_small_objects": {
        "f1_50": 0.12838758860437663,
        "f1_75": 0.08051824127639894
    },
    "f1_medium_objects": {
        "f1_50": 0.22513181615256014,
        "f1_75": 0.1928786307876677
    },
    "f1_large_objects": {
        "f1_50": 0.43061349820528094,
        "f1_75": 0.39734178631268013
    },
    "f1_iou_thresholds": [
        0.5,
        0.55,
        0.6,
        0.65,
        0.7,
        0.75,
        0.8,
        0.85,
        0.8999999999999999,
        0.95
    ]
}
