{
    "iou_thresholds": [
        0.5,
        0.55,
        0.6,
        0.65,
        0.7,
        0.75,
        0.8,
        0.85,
        0.8999999999999999,
        0.95
    ],
    "map50_95": 0.5083736812703366,
    "map50": 0.6440154706846855,
    "map75": 0.5572316289929686,
    "small_objects": {
        "map50_95": 0.15189523538919744,
        "map50": 0.2411944900969842,
        "map75": 0.16897902738288456
    },
    "medium_objects": {
        "map50_95": 0.4085352999109989,
        "map50": 0.5512481616070561,
        "map75": 0.46430218632804204
    },
    "large_objects": {
        "map50_95": 0.6738642894951024,
        "map50": 0.7941415148763724,
        "map75": 0.7307438919963094
    },
    "metadata": {
        "model": "RT-DETR (r50vd, o365)",
        "param_count": 42891372,
        "run_date": "2024-09-08T12:06:27.201215+00:00"
    }
}
