{
    "iou_thresholds": [
        0.5,
        0.55,
        0.6,
        0.65,
        0.7,
        0.75,
        0.8,
        0.85,
        0.8999999999999999,
        0.95
    ],
    "map50_95": 0.47069322522081747,
    "map50": 0.6033450511156736,
    "map75": 0.5193432571523546,
    "small_objects": {
        "map50_95": 0.1159512843376249,
        "map50": 0.1903938816430325,
        "map75": 0.126756341592679
    },
    "medium_objects": {
        "map50_95": 0.37690621741320457,
        "map50": 0.5134645362520591,
        "map75": 0.4304292557121457
    },
    "large_objects": {
        "map50_95": 0.6372040239206817,
        "map50": 0.7609830586768288,
        "map75": 0.699432142539419
    },
    "metadata": {
        "model": "yolov8m",
        "param_count": 25886080,
        "run_date": "2024-09-06T01:10:14.772500+00:00"
    }
}
