{
    "iou_thresholds": [
        0.5,
        0.55,
        0.6,
        0.65,
        0.7,
        0.75,
        0.8,
        0.85,
        0.8999999999999999,
        0.95
    ],
    "map50_95": 0.45996760169771206,
    "map50": 0.5822106423420681,
    "map75": 0.5091892437765309,
    "small_objects": {
        "map50_95": 0.09556317364591399,
        "map50": 0.1567879343595902,
        "map75": 0.1077509416452224
    },
    "medium_objects": {
        "map50_95": 0.3618931541762964,
        "map50": 0.488327496424373,
        "map75": 0.4156820892592992
    },
    "large_objects": {
        "map50_95": 0.6377240964082795,
        "map50": 0.7580278369115738,
        "map75": 0.6973711644238149
    },
    "metadata": {
        "model": "yolov10m",
        "param_count": 16543024,
        "run_date": "2024-09-06T02:35:54.211726+00:00"
    }
}
