{
    "metadata": {
        "model": "yolov9e",
        "license": "APGL-3.0",
        "run_parameters": {
            "imgsz": 640,
            "max_det": 300,
            "iou": 0.7,
            "augment": true,
            "conf": 0.001,
            "verbose": false
        },
        "param_count": 57438080,
        "run_date": "2025-02-19T20:40:58.246213+00:00"
    },
    "map50_95": 0.5346350584087413,
    "map50": 0.6989550794469529,
    "map75": 0.5866864327398064,
    "small_objects": {
        "map50_95": 0.27320782321841103,
        "map50": 0.4177187397990128,
        "map75": 0.2991139213700546
    },
    "medium_objects": {
        "map50_95": 0.5031259114372796,
        "map50": 0.6728699342509289,
        "map75": 0.5677825174155026
    },
    "large_objects": {
        "map50_95": 0.6776252749344484,
        "map50": 0.8063214607697505,
        "map75": 0.7354524499119115
    },
    "iou_thresholds": [
        0.5,
        0.55,
        0.6,
        0.65,
        0.7,
        0.75,
        0.8,
        0.85,
        0.8999999999999999,
        0.95
    ],
    "f1_50": 0.1471043928284455,
    "f1_75": 0.12722593606265728,
    "f1_small_objects": {
        "f1_50": 0.09176739927265609,
        "f1_75": 0.06219002240721096
    },
    "f1_medium_objects": {
        "f1_50": 0.16697167043947841,
        "f1_75": 0.14942979212834062
    },
    "f1_large_objects": {
        "f1_50": 0.3529933636705357,
        "f1_75": 0.33559841142993285
    },
    "f1_iou_thresholds": [
        0.5,
        0.55,
        0.6,
        0.65,
        0.7,
        0.75,
        0.8,
        0.85,
        0.8999999999999999,
        0.95
    ]
}