{
    "metadata": {
        "model": "yolov9s",
        "license": "APGL-3.0",
        "run_parameters": {
            "imgsz": 640,
            "max_det": 300,
            "iou": 0.7,
            "augment": true,
            "conf": 0.001,
            "verbose": false
        },
        "param_count": 7198048,
        "run_date": "2025-02-19T20:49:45.071242+00:00"
    },
    "map50_95": 0.4505114016110333,
    "map50": 0.6050909436194076,
    "map75": 0.4886074520018472,
    "small_objects": {
        "map50_95": 0.16863993046798847,
        "map50": 0.2770328925556004,
        "map75": 0.1795692864465202
    },
    "medium_objects": {
        "map50_95": 0.4033492171595028,
        "map50": 0.5681291163064425,
        "map75": 0.451031461927277
    },
    "large_objects": {
        "map50_95": 0.6045857126636106,
        "map50": 0.7384317139551947,
        "map75": 0.6548880463320581
    },
    "iou_thresholds": [
        0.5,
        0.55,
        0.6,
        0.65,
        0.7,
        0.75,
        0.8,
        0.85,
        0.8999999999999999,
        0.95
    ],
    "f1_50": 0.09567194169147396,
    "f1_75": 0.07897705676348571,
    "f1_small_objects": {
        "f1_50": 0.06566188713772089,
        "f1_75": 0.03806094149252297
    },
    "f1_medium_objects": {
        "f1_50": 0.10370311879963613,
        "f1_75": 0.08793628447305978
    },
    "f1_large_objects": {
        "f1_50": 0.22788488883026672,
        "f1_75": 0.21414486059734134
    },
    "f1_iou_thresholds": [
        0.5,
        0.55,
        0.6,
        0.65,
        0.7,
        0.75,
        0.8,
        0.85,
        0.8999999999999999,
        0.95
    ]
}