{
    "metadata": {
        "model": "yolov9t",
        "license": "APGL-3.0",
        "run_parameters": {
            "imgsz": 640,
            "max_det": 300,
            "iou": 0.7,
            "augment": true,
            "conf": 0.001,
            "verbose": false
        },
        "param_count": 2094000,
        "run_date": "2025-02-19T20:52:57.562983+00:00"
    },
    "map50_95": 0.3686150410860899,
    "map50": 0.510175178533707,
    "map75": 0.40079141823977305,
    "small_objects": {
        "map50_95": 0.0997995605373839,
        "map50": 0.17576393050032516,
        "map75": 0.10219746951463486
    },
    "medium_objects": {
        "map50_95": 0.31354521172575145,
        "map50": 0.4567506247053223,
        "map75": 0.34957289679781073
    },
    "large_objects": {
        "map50_95": 0.5190974911092114,
        "map50": 0.6538911717072491,
        "map75": 0.5692876181926165
    },
    "iou_thresholds": [
        0.5,
        0.55,
        0.6,
        0.65,
        0.7,
        0.75,
        0.8,
        0.85,
        0.8999999999999999,
        0.95
    ],
    "f1_50": 0.07545145492221297,
    "f1_75": 0.05995879581379584,
    "f1_small_objects": {
        "f1_50": 0.05741120175361856,
        "f1_75": 0.02934150463898748
    },
    "f1_medium_objects": {
        "f1_50": 0.079186142075403,
        "f1_75": 0.06401720857887651
    },
    "f1_large_objects": {
        "f1_50": 0.1613189503034963,
        "f1_75": 0.14907911067792368
    },
    "f1_iou_thresholds": [
        0.5,
        0.55,
        0.6,
        0.65,
        0.7,
        0.75,
        0.8,
        0.85,
        0.8999999999999999,
        0.95
    ]
}
