{
    "metadata": {
        "model": "yolov9c",
        "license": "APGL-3.0",
        "run_parameters": {
            "imgsz": 640,
            "max_det": 300,
            "iou": 0.7,
            "augment": true,
            "conf": 0.001,
            "verbose": false
        },
        "param_count": 25380928,
        "run_date": "2025-02-19T20:43:43.106873+00:00"
    },
    "map50_95": 0.5130857500984154,
    "map50": 0.6763290506195245,
    "map75": 0.5613409734190633,
    "small_objects": {
        "map50_95": 0.23920484255555352,
        "map50": 0.37678508531885296,
        "map75": 0.25507469684690276
    },
    "medium_objects": {
        "map50_95": 0.48016073425742156,
        "map50": 0.6509075911973735,
        "map75": 0.5422129563928375
    },
    "large_objects": {
        "map50_95": 0.654886522450816,
        "map50": 0.7848025210586134,
        "map75": 0.7081127804297254
    },
    "iou_thresholds": [
        0.5,
        0.55,
        0.6,
        0.65,
        0.7,
        0.75,
        0.8,
        0.85,
        0.8999999999999999,
        0.95
    ],
    "f1_50": 0.12438158856434689,
    "f1_75": 0.10611734127229205,
    "f1_small_objects": {
        "f1_50": 0.08094963336650306,
        "f1_75": 0.051801735940126534
    },
    "f1_medium_objects": {
        "f1_50": 0.13877999823853535,
        "f1_75": 0.12320478435738288
    },
    "f1_large_objects": {
        "f1_50": 0.2975851240353864,
        "f1_75": 0.28254911715370107
    },
    "f1_iou_thresholds": [
        0.5,
        0.55,
        0.6,
        0.65,
        0.7,
        0.75,
        0.8,
        0.85,
        0.8999999999999999,
        0.95
    ]
}