{
    "metadata": {
        "model": "yolov9m",
        "license": "APGL-3.0",
        "run_parameters": {
            "imgsz": 640,
            "max_det": 300,
            "iou": 0.7,
            "augment": true,
            "conf": 0.001,
            "verbose": false
        },
        "param_count": 20070832,
        "run_date": "2025-02-19T20:46:28.311451+00:00"
    },
    "map50_95": 0.497181225386589,
    "map50": 0.659085872472046,
    "map75": 0.5436273767100821,
    "small_objects": {
        "map50_95": 0.21995737691664335,
        "map50": 0.35311517788847935,
        "map75": 0.2373099793250456
    },
    "medium_objects": {
        "map50_95": 0.46512007515210474,
        "map50": 0.6358763332928853,
        "map75": 0.5271557742320765
    },
    "large_objects": {
        "map50_95": 0.6397783829122246,
        "map50": 0.769810211238681,
        "map75": 0.6943943930633838
    },
    "iou_thresholds": [
        0.5,
        0.55,
        0.6,
        0.65,
        0.7,
        0.75,
        0.8,
        0.85,
        0.8999999999999999,
        0.95
    ],
    "f1_50": 0.11393402232305103,
    "f1_75": 0.09651917795589053,
    "f1_small_objects": {
        "f1_50": 0.07665606493521655,
        "f1_75": 0.04795345063134554
    },
    "f1_medium_objects": {
        "f1_50": 0.12580776884650047,
        "f1_75": 0.11069660982095426
    },
    "f1_large_objects": {
        "f1_50": 0.27142751029873097,
        "f1_75": 0.2567815690875857
    },
    "f1_iou_thresholds": [
        0.5,
        0.55,
        0.6,
        0.65,
        0.7,
        0.75,
        0.8,
        0.85,
        0.8999999999999999,
        0.95
    ]
}
