{
    "iou_thresholds": [
        0.5,
        0.55,
        0.6,
        0.65,
        0.7,
        0.75,
        0.8,
        0.85,
        0.8999999999999999,
        0.95
    ],
    "map50_95": 0.5092133015131527,
    "map50": 0.640878780254251,
    "map75": 0.5620168008189262,
    "small_objects": {
        "map50_95": 0.13715040686751798,
        "map50": 0.2169984216381961,
        "map75": 0.1524615497647411
    },
    "medium_objects": {
        "map50_95": 0.4190219508346374,
        "map50": 0.5599039572763818,
        "map75": 0.480126090014637
    },
    "large_objects": {
        "map50_95": 0.684121135784565,
        "map50": 0.8034093007429186,
        "map75": 0.7470603165847194
    },
    "metadata": {
        "model": "yolov8l",
        "param_count": 43668288,
        "run_date": "2024-09-06T03:13:51.139337+00:00"
    }
}