{
    "iou_thresholds": [
        0.5,
        0.55,
        0.6,
        0.65,
        0.7,
        0.75,
        0.8,
        0.85,
        0.8999999999999999,
        0.95
    ],
    "map50_95": 0.4408399642551555,
    "map50": 0.5651508205965176,
    "map75": 0.4892118618976524,
    "small_objects": {
        "map50_95": 0.08681876700254228,
        "map50": 0.14309803912014493,
        "map75": 0.09441386583317334
    },
    "medium_objects": {
        "map50_95": 0.33593354223280797,
        "map50": 0.46353603243071895,
        "map75": 0.3843522038149865
    },
    "large_objects": {
        "map50_95": 0.6157552223252702,
        "map50": 0.7403482375791395,
        "map75": 0.6783962636360628
    },
    "metadata": {
        "model": "yolov10s",
        "param_count": 8096880,
        "run_date": "2024-09-06T02:11:13.496070+00:00"
    }
}
