{
    "metadata": {
        "model": "RT-DETRv1 r34vd",
        "license": "Apache-2.0",
        "run_parameters": {
            "imgsz": 640,
            "conf": 0.001
        },
        "param_count": 33212676,
        "run_date": "2024-09-23T00:15:53.484978+00:00"
    },
    "map50_95": 0.47111442819735466,
    "map50": 0.6444973848870641,
    "map75": 0.508935911594047,
    "small_objects": {
        "map50_95": 0.21051584478386856,
        "map50": 0.34105471041443125,
        "map75": 0.22164556950501305
    },
    "medium_objects": {
        "map50_95": 0.42145927945624584,
        "map50": 0.5926057024799771,
        "map75": 0.4698293535009732
    },
    "large_objects": {
        "map50_95": 0.6165598066953086,
        "map50": 0.755263259616,
        "map75": 0.667420318296039
    },
    "iou_thresholds": [
        0.5,
        0.55,
        0.6,
        0.65,
        0.7,
        0.75,
        0.8,
        0.85,
        0.8999999999999999,
        0.95
    ],
    "f1_50": 0.053745432714569996,
    "f1_75": 0.04303912632299453,
    "f1_small_objects": {
        "f1_50": 0.05440093689866381,
        "f1_75": 0.032358600850793104
    },
    "f1_medium_objects": {
        "f1_50": 0.08658033405706038,
        "f1_75": 0.07186071097655883
    },
    "f1_large_objects": {
        "f1_50": 0.073251962690366,
        "f1_75": 0.06901239395674584
    },
    "f1_iou_thresholds": [
        0.5,
        0.55,
        0.6,
        0.65,
        0.7,
        0.75,
        0.8,
        0.85,
        0.8999999999999999,
        0.95
    ]
}
