{
    "metadata": {
        "model": "RT-DETRv1 (r18vd)",
        "param_count": 21955472,
        "run_date": "2024-09-10T16:11:52.358781+00:00"
    },
    "map50_95": 0.4475030676297469,
    "map50": 0.6156237779572045,
    "map75": 0.48407456419504113,
    "small_objects": {
        "map50_95": 0.19035576042172211,
        "map50": 0.3089236487784832,
        "map75": 0.2030844478437464
    },
    "medium_objects": {
        "map50_95": 0.3952415547608772,
        "map50": 0.5612930297373171,
        "map75": 0.442782433290807
    },
    "large_objects": {
        "map50_95": 0.5894997261827915,
        "map50": 0.7265982743927857,
        "map75": 0.6411468239795821
    },
    "iou_thresholds": [
        0.5,
        0.55,
        0.6,
        0.65,
        0.7,
        0.75,
        0.8,
        0.85,
        0.8999999999999999,
        0.95
    ]
}
