{
    "metadata": {
        "model": "RT-DETRv2 (r34vd)",
        "license": "Apache-2.0",
        "run_parameters": {
            "imgsz": 640,
            "conf": 0.001
        },
        "param_count": 33212676,
        "run_date": "2024-09-10T16:30:46.673344+00:00"
    },
    "map50_95": 0.4867825440454518,
    "map50": 0.6591044524702075,
    "map75": 0.5255439550758243,
    "small_objects": {
        "map50_95": 0.22517464073284388,
        "map50": 0.36161616082579096,
        "map75": 0.23804608448553247
    },
    "medium_objects": {
        "map50_95": 0.4361924560564629,
        "map50": 0.6090810274677496,
        "map75": 0.48462339743332006
    },
    "large_objects": {
        "map50_95": 0.6273765615214366,
        "map50": 0.7658607828593057,
        "map75": 0.6792628879214015
    },
    "iou_thresholds": [
        0.5,
        0.55,
        0.6,
        0.65,
        0.7,
        0.75,
        0.8,
        0.85,
        0.8999999999999999,
        0.95
    ]
}
