{
    "metadata": {
        "model": "RT-DETRv2-M*",
        "license": "Apache-2.0",
        "run_parameters": {
            "imgsz": 640,
            "conf": 0.001
        },
        "param_count": 33212676,
        "run_date": "2024-09-23T00:27:41.586842+00:00"
    },
    "map50_95": 0.4867825440454518,
    "map50": 0.6591044524702077,
    "map75": 0.5255439550758244,
    "small_objects": {
        "map50_95": 0.22517464073284382,
        "map50": 0.3616161608257908,
        "map75": 0.2380460844855324
    },
    "medium_objects": {
        "map50_95": 0.43619245605646295,
        "map50": 0.6090810274677497,
        "map75": 0.48462339743332017
    },
    "large_objects": {
        "map50_95": 0.6273765615214366,
        "map50": 0.7658607828593057,
        "map75": 0.6792628879214015
    },
    "iou_thresholds": [
        0.5,
        0.55,
        0.6,
        0.65,
        0.7,
        0.75,
        0.8,
        0.85,
        0.8999999999999999,
        0.95
    ],
    "f1_50": 0.05509647324342255,
    "f1_75": 0.044924997682578134,
    "f1_small_objects": {
        "f1_50": 0.05463693287388067,
        "f1_75": 0.03372508413469393
    },
    "f1_medium_objects": {
        "f1_50": 0.09032468725870704,
        "f1_75": 0.07686256376961177
    },
    "f1_large_objects": {
        "f1_50": 0.07621153453216076,
        "f1_75": 0.07202891395291544
    },
    "f1_iou_thresholds": [
        0.5,
        0.55,
        0.6,
        0.65,
        0.7,
        0.75,
        0.8,
        0.85,
        0.8999999999999999,
        0.95
    ]
}