{
    "metadata": {
        "model": "RT-DETRv2-X",
        "license": "Apache-2.0",
        "run_parameters": {
            "imgsz": 640,
            "conf": 0.001
        },
        "param_count": 92486124,
        "run_date": "2024-09-10T16:44:47.186839+00:00"
    },
    "map50_95": 0.524330135379127,
    "map50": 0.7039527758683548,
    "map75": 0.56780497182413,
    "small_objects": {
        "map50_95": 0.24785492909149326,
        "map50": 0.40066746534705366,
        "map75": 0.2710220492958572
    },
    "medium_objects": {
        "map50_95": 0.47685835692588135,
        "map50": 0.66254604001764,
        "map75": 0.5350030177768078
    },
    "large_objects": {
        "map50_95": 0.6758202302184949,
        "map50": 0.8126341241234784,
        "map75": 0.7285502979309773
    },
    "iou_thresholds": [
        0.5,
        0.55,
        0.6,
        0.65,
        0.7,
        0.75,
        0.8,
        0.85,
        0.8999999999999999,
        0.95
    ]
}
