{
    "metadata": {
        "model": "RT-DETRv2-M*",
        "license": "Apache-2.0",
        "run_parameters": {
            "imgsz": 640,
            "conf": 0.001
        },
        "param_count": 38364780,
        "run_date": "2024-09-10T16:39:31.489397+00:00"
    },
    "map50_95": 0.5057647922140188,
    "map50": 0.6812943207851567,
    "map75": 0.5482094806381008,
    "small_objects": {
        "map50_95": 0.22601771533549925,
        "map50": 0.3577642572294974,
        "map75": 0.24745473591662767
    },
    "medium_objects": {
        "map50_95": 0.4575653902970519,
        "map50": 0.6369386230810546,
        "map75": 0.513997484435077
    },
    "large_objects": {
        "map50_95": 0.6547944494390049,
        "map50": 0.7943383115502267,
        "map75": 0.7096514804332896
    },
    "iou_thresholds": [
        0.5,
        0.55,
        0.6,
        0.65,
        0.7,
        0.75,
        0.8,
        0.85,
        0.8999999999999999,
        0.95
    ]
}
