{
    "metadata": {
        "model": "RT-DETRv2-M",
        "license": "Apache-2.0",
        "run_parameters": {
            "imgsz": 640,
            "conf": 0.001
        },
        "param_count": 38364780,
        "run_date": "2024-09-23T00:30:06.914466+00:00"
    },
    "map50_95": 0.5057647922140187,
    "map50": 0.6812943207851568,
    "map75": 0.5482094806381007,
    "small_objects": {
        "map50_95": 0.22601771533549928,
        "map50": 0.35776425722949756,
        "map75": 0.24745473591662773
    },
    "medium_objects": {
        "map50_95": 0.45756539029705195,
        "map50": 0.6369386230810548,
        "map75": 0.5139974844350771
    },
    "large_objects": {
        "map50_95": 0.6547944494390048,
        "map50": 0.7943383115502267,
        "map75": 0.7096514804332894
    },
    "iou_thresholds": [
        0.5,
        0.55,
        0.6,
        0.65,
        0.7,
        0.75,
        0.8,
        0.85,
        0.8999999999999999,
        0.95
    ],
    "f1_50": 0.055647575325199775,
    "f1_75": 0.0452843444851405,
    "f1_small_objects": {
        "f1_50": 0.05389092791069118,
        "f1_75": 0.03289760323611028
    },
    "f1_medium_objects": {
        "f1_50": 0.0941548273166887,
        "f1_75": 0.07993164626581387
    },
    "f1_large_objects": {
        "f1_50": 0.07519198198582225,
        "f1_75": 0.0714592012655044
    },
    "f1_iou_thresholds": [
        0.5,
        0.55,
        0.6,
        0.65,
        0.7,
        0.75,
        0.8,
        0.85,
        0.8999999999999999,
        0.95
    ]
}
