{
    "metadata": {
        "model": "RT-DETRv1 (r101vd)",
        "license": "Apache-2.0",
        "param_count": 92486124,
        "run_date": "2024-09-10T16:21:37.375759+00:00"
    },
    "map50_95": 0.5243300327374072,
    "map50": 0.703951889531495,
    "map75": 0.5678049556440812,
    "small_objects": {
        "map50_95": 0.2478549542363811,
        "map50": 0.40066746534705366,
        "map75": 0.2710220439441845
    },
    "medium_objects": {
        "map50_95": 0.4768582593911274,
        "map50": 0.6625457345615452,
        "map75": 0.5350029755816491
    },
    "large_objects": {
        "map50_95": 0.6758202036651619,
        "map50": 0.8126340925145896,
        "map75": 0.7285503198138372
    },
    "iou_thresholds": [
        0.5,
        0.55,
        0.6,
        0.65,
        0.7,
        0.75,
        0.8,
        0.85,
        0.8999999999999999,
        0.95
    ]
}
