{
    "metadata": {
        "model": "RT-DETRv1 r101vd",
        "license": "Apache-2.0",
        "run_parameters": {
            "imgsz": 640,
            "conf": 0.001
        },
        "param_count": 92486124,
        "run_date": "2024-09-23T00:21:53.772495+00:00"
    },
    "map50_95": 0.5243300327374072,
    "map50": 0.7039518895314949,
    "map75": 0.567804955644081,
    "small_objects": {
        "map50_95": 0.24785495423638104,
        "map50": 0.4006674653470536,
        "map75": 0.2710220439441845
    },
    "medium_objects": {
        "map50_95": 0.47685825939112725,
        "map50": 0.6625457345615451,
        "map75": 0.535002975581649
    },
    "large_objects": {
        "map50_95": 0.675820203665162,
        "map50": 0.8126340925145898,
        "map75": 0.7285503198138372
    },
    "iou_thresholds": [
        0.5,
        0.55,
        0.6,
        0.65,
        0.7,
        0.75,
        0.8,
        0.85,
        0.8999999999999999,
        0.95
    ],
    "f1_50": 0.055002367478898175,
    "f1_75": 0.044801037891291674,
    "f1_small_objects": {
        "f1_50": 0.05454378845982463,
        "f1_75": 0.03349339245023226
    },
    "f1_medium_objects": {
        "f1_50": 0.09350859896632002,
        "f1_75": 0.07973878658212949
    },
    "f1_large_objects": {
        "f1_50": 0.07539115839654872,
        "f1_75": 0.07182353249020428
    },
    "f1_iou_thresholds": [
        0.5,
        0.55,
        0.6,
        0.65,
        0.7,
        0.75,
        0.8,
        0.85,
        0.8999999999999999,
        0.95
    ]
}