{
    "metadata": {
        "model": "RT-DETRv1 (r34vd)",
        "license": "Apache-2.0",
        "param_count": 33212676,
        "run_date": "2024-09-10T16:14:42.535005+00:00"
    },
    "map50_95": 0.4711144281973547,
    "map50": 0.6444973848870644,
    "map75": 0.5089359115940468,
    "small_objects": {
        "map50_95": 0.2105158447838686,
        "map50": 0.3410547104144312,
        "map75": 0.22164556950501305
    },
    "medium_objects": {
        "map50_95": 0.4214592794562458,
        "map50": 0.5926057024799766,
        "map75": 0.46982935350097305
    },
    "large_objects": {
        "map50_95": 0.6165598066953087,
        "map50": 0.7552632596160003,
        "map75": 0.667420318296039
    },
    "iou_thresholds": [
        0.5,
        0.55,
        0.6,
        0.65,
        0.7,
        0.75,
        0.8,
        0.85,
        0.8999999999999999,
        0.95
    ]
}
