{
    "metadata": {
        "model": "RT-DETRv1 r50vd",
        "param_count": 49972332,
        "run_date": "2024-09-10T16:18:12.499365+00:00"
    },
    "map50_95": 0.5148052539985135,
    "map50": 0.6922127474679615,
    "map75": 0.558997224099962,
    "small_objects": {
        "map50_95": 0.24458802092882242,
        "map50": 0.38689885245134953,
        "map75": 0.2630160546386321
    },
    "medium_objects": {
        "map50_95": 0.46672014734193157,
        "map50": 0.6472867660110199,
        "map75": 0.5228654414090166
    },
    "large_objects": {
        "map50_95": 0.6591424467339809,
        "map50": 0.7966885597912683,
        "map75": 0.7127943119656794
    },
    "iou_thresholds": [
        0.5,
        0.55,
        0.6,
        0.65,
        0.7,
        0.75,
        0.8,
        0.85,
        0.8999999999999999,
        0.95
    ]
}
