{
    "metadata": {
        "model": "RT-DETRv2-S",
        "license": "Apache-2.0",
        "run_parameters": {
            "imgsz": 640,
            "conf": 0.001
        },
        "param_count": 21955472,
        "run_date": "2024-09-23T00:25:32.473961+00:00"
    },
    "map50_95": 0.4687995594739721,
    "map50": 0.6370584442700051,
    "map75": 0.5068775665451742,
    "small_objects": {
        "map50_95": 0.21535478708745526,
        "map50": 0.3395428793596645,
        "map75": 0.22778600330760204
    },
    "medium_objects": {
        "map50_95": 0.41591835004016675,
        "map50": 0.5827107821612142,
        "map75": 0.46111270923584735
    },
    "large_objects": {
        "map50_95": 0.60757163483514,
        "map50": 0.7449516529285525,
        "map75": 0.6571583698150866
    },
    "iou_thresholds": [
        0.5,
        0.55,
        0.6,
        0.65,
        0.7,
        0.75,
        0.8,
        0.85,
        0.8999999999999999,
        0.95
    ],
    "f1_50": 0.05489119320669778,
    "f1_75": 0.04446234049068596,
    "f1_small_objects": {
        "f1_50": 0.055466136295587554,
        "f1_75": 0.03394097035234522
    },
    "f1_medium_objects": {
        "f1_50": 0.08779669621363051,
        "f1_75": 0.0735618499533047
    },
    "f1_large_objects": {
        "f1_50": 0.07563666994700585,
        "f1_75": 0.07128785595007565
    },
    "f1_iou_thresholds": [
        0.5,
        0.55,
        0.6,
        0.65,
        0.7,
        0.75,
        0.8,
        0.85,
        0.8999999999999999,
        0.95
    ]
}
