{
    "metadata": {
        "model": "RT-DETRv1 r18vd",
        "license": "Apache-2.0",
        "run_parameters": {
            "imgsz": 640,
            "conf": 0.001
        },
        "param_count": 21955472,
        "run_date": "2024-09-23T00:13:40.227469+00:00"
    },
    "map50_95": 0.4475030676297468,
    "map50": 0.6156237779572044,
    "map75": 0.4840745641950413,
    "small_objects": {
        "map50_95": 0.1903557604217221,
        "map50": 0.3089236487784832,
        "map75": 0.20308444784374644
    },
    "medium_objects": {
        "map50_95": 0.39524155476087713,
        "map50": 0.561293029737317,
        "map75": 0.4427824332908067
    },
    "large_objects": {
        "map50_95": 0.5894997261827915,
        "map50": 0.7265982743927857,
        "map75": 0.6411468239795823
    },
    "iou_thresholds": [
        0.5,
        0.55,
        0.6,
        0.65,
        0.7,
        0.75,
        0.8,
        0.85,
        0.8999999999999999,
        0.95
    ],
    "f1_50": 0.053371116537810466,
    "f1_75": 0.04239322395192036,
    "f1_small_objects": {
        "f1_50": 0.05425970668777465,
        "f1_75": 0.031303239161977504
    },
    "f1_medium_objects": {
        "f1_50": 0.08500153986627708,
        "f1_75": 0.07000788375061538
    },
    "f1_large_objects": {
        "f1_50": 0.07171836156682274,
        "f1_75": 0.06735933629335475
    },
    "f1_iou_thresholds": [
        0.5,
        0.55,
        0.6,
        0.65,
        0.7,
        0.75,
        0.8,
        0.85,
        0.8999999999999999,
        0.95
    ]
}