{
    "metadata": {
        "model": "RT-DETRv2-L",
        "license": "Apache-2.0",
        "run_parameters": {
            "imgsz": 640,
            "conf": 0.001
        },
        "param_count": 49972332,
        "run_date": "2024-09-23T00:32:50.133187+00:00"
    },
    "map50_95": 0.5219432048195001,
    "map50": 0.7014642165353273,
    "map75": 0.5637984313455033,
    "small_objects": {
        "map50_95": 0.2498701685478955,
        "map50": 0.3996864221475997,
        "map75": 0.2697685071948783
    },
    "medium_objects": {
        "map50_95": 0.4768529921674922,
        "map50": 0.6548019470037263,
        "map75": 0.5339029559083259
    },
    "large_objects": {
        "map50_95": 0.667671045384316,
        "map50": 0.8063987452700319,
        "map75": 0.7188082840384038
    },
    "iou_thresholds": [
        0.5,
        0.55,
        0.6,
        0.65,
        0.7,
        0.75,
        0.8,
        0.85,
        0.8999999999999999,
        0.95
    ],
    "f1_50": 0.05580583753272465,
    "f1_75": 0.04553311026492095,
    "f1_small_objects": {
        "f1_50": 0.05412276343757983,
        "f1_75": 0.03337345531600436
    },
    "f1_medium_objects": {
        "f1_50": 0.09500222610404424,
        "f1_75": 0.08138220551736451
    },
    "f1_large_objects": {
        "f1_50": 0.07920992898991662,
        "f1_75": 0.07500634010758714
    },
    "f1_iou_thresholds": [
        0.5,
        0.55,
        0.6,
        0.65,
        0.7,
        0.75,
        0.8,
        0.85,
        0.8999999999999999,
        0.95
    ]
}
