{
    "metadata": {
        "model": "RT-DETRv1 r50vd",
        "license": "Apache-2.0",
        "run_parameters": {
            "imgsz": 640,
            "conf": 0.001
        },
        "param_count": 49972332,
        "run_date": "2024-09-23T00:18:34.977017+00:00"
    },
    "map50_95": 0.5148052539985135,
    "map50": 0.6922127474679616,
    "map75": 0.558997224099962,
    "small_objects": {
        "map50_95": 0.24458802092882242,
        "map50": 0.38689885245134964,
        "map75": 0.263016054638632
    },
    "medium_objects": {
        "map50_95": 0.4667201473419317,
        "map50": 0.6472867660110201,
        "map75": 0.5228654414090164
    },
    "large_objects": {
        "map50_95": 0.6591424467339808,
        "map50": 0.7966885597912683,
        "map75": 0.7127943119656797
    },
    "iou_thresholds": [
        0.5,
        0.55,
        0.6,
        0.65,
        0.7,
        0.75,
        0.8,
        0.85,
        0.8999999999999999,
        0.95
    ],
    "f1_50": 0.05444841836097603,
    "f1_75": 0.04400212012671933,
    "f1_small_objects": {
        "f1_50": 0.05379096903297764,
        "f1_75": 0.03261229057778585
    },
    "f1_medium_objects": {
        "f1_50": 0.09426047509837394,
        "f1_75": 0.07970749291579406
    },
    "f1_large_objects": {
        "f1_50": 0.07435390724868844,
        "f1_75": 0.07027811474263318
    },
    "f1_iou_thresholds": [
        0.5,
        0.55,
        0.6,
        0.65,
        0.7,
        0.75,
        0.8,
        0.85,
        0.8999999999999999,
        0.95
    ]
}
