{
    "iou_thresholds": [
        0.5,
        0.55,
        0.6,
        0.65,
        0.7,
        0.75,
        0.8,
        0.85,
        0.8999999999999999,
        0.95
    ],
    "map50_95": 0.42641809223426946,
    "map50": 0.5595701110421655,
    "map75": 0.47469806681152943,
    "small_objects": {
        "map50_95": 0.08986339497846904,
        "map50": 0.15172751454274558,
        "map75": 0.0961391948685193
    },
    "medium_objects": {
        "map50_95": 0.3327945232817904,
        "map50": 0.4607650204104967,
        "map75": 0.3828505113743722
    },
    "large_objects": {
        "map50_95": 0.585286404342101,
        "map50": 0.7194475492825427,
        "map75": 0.6493488413208642
    },
    "metadata": {
        "model": "yolov8s",
        "param_count": 11156544,
        "run_date": "2024-09-06T00:49:11.422122+00:00"
    }
}