{
    "iou_thresholds": [
        0.5,
        0.55,
        0.6,
        0.65,
        0.7,
        0.75,
        0.8,
        0.85,
        0.8999999999999999,
        0.95
    ],
    "map50_95": 0.4315960385595126,
    "map50": 0.5576334800752473,
    "map75": 0.4740902151067162,
    "small_objects": {
        "map50_95": 0.0915996534331303,
        "map50": 0.15642811329014444,
        "map75": 0.10055104812162317
    },
    "medium_objects": {
        "map50_95": 0.3300360288287259,
        "map50": 0.4557147352069431,
        "map75": 0.3796632799989364
    },
    "large_objects": {
        "map50_95": 0.5970955394283329,
        "map50": 0.7211175567077175,
        "map75": 0.6503471985550189
    },
    "metadata": {
        "model": "yolov9s",
        "param_count": 7318368,
        "run_date": "2024-09-06T01:27:51.374978+00:00"
    }
}
