{
    "iou_thresholds": [
        0.5,
        0.55,
        0.6,
        0.65,
        0.7,
        0.75,
        0.8,
        0.85,
        0.8999999999999999,
        0.95
    ],
    "map50_95": 0.5088571893332375,
    "map50": 0.6869179587616578,
    "map75": 0.5540517793683403,
    "small_objects": {
        "map50_95": 0.16289359748209717,
        "map50": 0.3038296231454622,
        "map75": 0.15803574002313758
    },
    "medium_objects": {
        "map50_95": 0.40877773993370403,
        "map50": 0.5920249233204901,
        "map75": 0.4564750475767852
    },
    "large_objects": {
        "map50_95": 0.6651349251221805,
        "map50": 0.8112265615013996,
        "map75": 0.7324934539982111
    },
    "metadata": {
        "model": "RT-DETRv1 (r18vd)",
        "param_count": 21955472,
        "run_date": "2024-09-10T02:43:46.407500+00:00"
    }
}
