{
    "iou_thresholds": [
        0.5,
        0.55,
        0.6,
        0.65,
        0.7,
        0.75,
        0.8,
        0.85,
        0.8999999999999999,
        0.95
    ],
    "map50_95": 0.4179586855130738,
    "map50": 0.5358273899235324,
    "map75": 0.4604926630877778,
    "small_objects": {
        "map50_95": 0.09429108137876975,
        "map50": 0.15574382641822038,
        "map75": 0.10467312764855244
    },
    "medium_objects": {
        "map50_95": 0.30961413026731543,
        "map50": 0.4271596174348474,
        "map75": 0.3519809290568762
    },
    "large_objects": {
        "map50_95": 0.5835696990756445,
        "map50": 0.7006290214043943,
        "map75": 0.6412649735201749
    },
    "metadata": {
        "model": "PekingU/rtdetr_r18vd",
        "param_count": 20174608,
        "run_date": "2024-09-08T02:29:11.083160+00:00"
    }
}