{
    "iou_thresholds": [
        0.5,
        0.55,
        0.6,
        0.65,
        0.7,
        0.75,
        0.8,
        0.85,
        0.8999999999999999,
        0.95
    ],
    "map50_95": 0.614906121447502,
    "map50": 0.8036140809074809,
    "map75": 0.6701886704857362,
    "small_objects": {
        "map50_95": 0.2516969298515537,
        "map50": 0.4429546644967144,
        "map75": 0.2640491600564415
    },
    "medium_objects": {
        "map50_95": 0.5282477870594264,
        "map50": 0.7345516187788708,
        "map75": 0.596892564947052
    },
    "large_objects": {
        "map50_95": 0.7646882732143745,
        "map50": 0.8985687863732746,
        "map75": 0.833500840137772
    },
    "metadata": {
        "model": "RT-DETRv2 (r101vd)",
        "param_count": 92486124,
        "run_date": "2024-09-10T01:51:30.558807+00:00"
    }
}
