{
    "iou_thresholds": [
        0.5,
        0.55,
        0.6,
        0.65,
        0.7,
        0.75,
        0.8,
        0.85,
        0.8999999999999999,
        0.95
    ],
    "map50_95": 0.4799237278525601,
    "map50": 0.6040372063113479,
    "map75": 0.5302415011930321,
    "small_objects": {
        "map50_95": 0.10984856575519789,
        "map50": 0.1779746179209622,
        "map75": 0.12264456235211324
    },
    "medium_objects": {
        "map50_95": 0.3867364494818722,
        "map50": 0.5189685436437993,
        "map75": 0.4453269476253858
    },
    "large_objects": {
        "map50_95": 0.6535211795787975,
        "map50": 0.77114676751061,
        "map75": 0.7143965431328645
    },
    "metadata": {
        "model": "yolov10l",
        "param_count": 25839728,
        "run_date": "2024-09-06T07:01:35.521605+00:00"
    }
}
