{
    "iou_thresholds": [
        0.5,
        0.55,
        0.6,
        0.65,
        0.7,
        0.75,
        0.8,
        0.85,
        0.8999999999999999,
        0.95
    ],
    "map50_95": 0.30725950483596876,
    "map50": 0.41866449710584036,
    "map75": 0.34195553758017605,
    "small_objects": {
        "map50_95": 0.05114984722139826,
        "map50": 0.0880270810546696,
        "map75": 0.052925936951391805
    },
    "medium_objects": {
        "map50_95": 0.21875701011114024,
        "map50": 0.31414216742825596,
        "map75": 0.2465675751976244
    },
    "large_objects": {
        "map50_95": 0.43005472177506604,
        "map50": 0.5549070740241878,
        "map75": 0.4796719029254091
    },
    "metadata": {
        "model": "yolov8n",
        "param_count": 3151904,
        "run_date": "2024-09-06T00:20:42.574382+00:00"
    }
}
