{
    "metadata": {
        "model": "yolo_nas_s",
        "license": "Apache-2.0",
        "param_count": 19053888,
        "run_date": "2024-09-11T14:55:31.676004+00:00"
    },
    "map50_95": 0.43622945288618536,
    "map50": 0.5995001368949364,
    "map75": 0.4723807816255251,
    "small_objects": {
        "map50_95": 0.17054831954083777,
        "map50": 0.2698303872724884,
        "map75": 0.18250067396376432
    },
    "medium_objects": {
        "map50_95": 0.3963692663207268,
        "map50": 0.5649695419910257,
        "map75": 0.4383779405933604
    },
    "large_objects": {
        "map50_95": 0.580714409729971,
        "map50": 0.723936892681672,
        "map75": 0.6297402510946248
    },
    "iou_thresholds": [
        0.5,
        0.55,
        0.6,
        0.65,
        0.7,
        0.75,
        0.8,
        0.85,
        0.8999999999999999,
        0.95
    ]
}
