{
    "metadata": {
        "model": "yolo_nas_m",
        "param_count": 51182658,
        "run_date": "2024-09-11T15:13:41.408248+00:00"
    },
    "map50_95": 0.47600776753268037,
    "map50": 0.6371598084661176,
    "map75": 0.5179628054543638,
    "small_objects": {
        "map50_95": 0.19989784197863897,
        "map50": 0.315776115787245,
        "map75": 0.21839721685059119
    },
    "medium_objects": {
        "map50_95": 0.4439337891094138,
        "map50": 0.6124309996092572,
        "map75": 0.4995806950166813
    },
    "large_objects": {
        "map50_95": 0.6217121959458887,
        "map50": 0.7532565846774951,
        "map75": 0.6717871346846185
    },
    "iou_thresholds": [
        0.5,
        0.55,
        0.6,
        0.65,
        0.7,
        0.75,
        0.8,
        0.85,
        0.8999999999999999,
        0.95
    ]
}
