{
    "metadata": {
        "model": "YOLO-NAS M",
        "license": "Apache-2.0",
        "param_count": 51182658,
        "run_date": "2024-09-12T15:03:37.531535+00:00"
    },
    "map50_95": 0.4766481832173873,
    "map50": 0.632842568125929,
    "map75": 0.5229364873051732,
    "small_objects": {
        "map50_95": 0.198911024541053,
        "map50": 0.31075430842955604,
        "map75": 0.21979759840215746
    },
    "medium_objects": {
        "map50_95": 0.43936196228345464,
        "map50": 0.6034758757860981,
        "map75": 0.49902495607127173
    },
    "large_objects": {
        "map50_95": 0.6237642850164452,
        "map50": 0.7525691527759143,
        "map75": 0.6784723077498078
    },
    "iou_thresholds": [
        0.5,
        0.55,
        0.6,
        0.65,
        0.7,
        0.75,
        0.8,
        0.85,
        0.8999999999999999,
        0.95
    ]
}
