{
    "metadata": {
        "model": "yolo_nas_l",
        "param_count": 66976392,
        "run_date": "2024-09-11T15:34:44.524051+00:00"
    },
    "map50_95": 0.4823908978773399,
    "map50": 0.6436635942062905,
    "map75": 0.5227631511898091,
    "small_objects": {
        "map50_95": 0.20627144126452443,
        "map50": 0.3234195270645268,
        "map75": 0.22433010779366858
    },
    "medium_objects": {
        "map50_95": 0.4504440067740434,
        "map50": 0.6198672027100715,
        "map75": 0.5028411865713277
    },
    "large_objects": {
        "map50_95": 0.6232514892633709,
        "map50": 0.7530164274037385,
        "map75": 0.6684965691185336
    },
    "iou_thresholds": [
        0.5,
        0.55,
        0.6,
        0.65,
        0.7,
        0.75,
        0.8,
        0.85,
        0.8999999999999999,
        0.95
    ]
}
