{
    "metadata": {
        "model": "YOLO-NAS S",
        "license": "Apache-2.0",
        "param_count": 19053888,
        "run_date": "2024-09-12T14:45:02.840446+00:00"
    },
    "map50_95": 0.4369354384266927,
    "map50": 0.5950857479290619,
    "map75": 0.47826919036030613,
    "small_objects": {
        "map50_95": 0.1682506254047077,
        "map50": 0.2634323893258659,
        "map75": 0.18181972444412323
    },
    "medium_objects": {
        "map50_95": 0.39388058360539213,
        "map50": 0.5587017365344934,
        "map75": 0.43967107626652585
    },
    "large_objects": {
        "map50_95": 0.5820850233048388,
        "map50": 0.7216236849916268,
        "map75": 0.6364020637637353
    },
    "iou_thresholds": [
        0.5,
        0.55,
        0.6,
        0.65,
        0.7,
        0.75,
        0.8,
        0.85,
        0.8999999999999999,
        0.95
    ]
}
