{
    "metadata": {
        "model": "YOLO-NAS L",
        "license": "Apache-2.0",
        "param_count": 66976392,
        "run_date": "2024-09-12T15:24:51.884717+00:00"
    },
    "map50_95": 0.48298094432764754,
    "map50": 0.6395166289719741,
    "map75": 0.5280721995716876,
    "small_objects": {
        "map50_95": 0.20388303052343654,
        "map50": 0.3176009687794093,
        "map75": 0.22339241590855352
    },
    "medium_objects": {
        "map50_95": 0.44532990793587546,
        "map50": 0.6110120117547352,
        "map75": 0.5011779178048194
    },
    "large_objects": {
        "map50_95": 0.6240832744737295,
        "map50": 0.751358076433659,
        "map75": 0.6747371906034554
    },
    "iou_thresholds": [
        0.5,
        0.55,
        0.6,
        0.65,
        0.7,
        0.75,
        0.8,
        0.85,
        0.8999999999999999,
        0.95
    ]
}
