{
    "iou_thresholds": [
        0.5,
        0.55,
        0.6,
        0.65,
        0.7,
        0.75,
        0.8,
        0.85,
        0.8999999999999999,
        0.95
    ],
    "map50_95": 0.49895449025496263,
    "map50": 0.6231764344562553,
    "map75": 0.5512701626533307,
    "small_objects": {
        "map50_95": 0.12642202195947239,
        "map50": 0.19639714540861325,
        "map75": 0.14088199717453342
    },
    "medium_objects": {
        "map50_95": 0.40655185964331936,
        "map50": 0.5393981714593666,
        "map75": 0.4696259857633054
    },
    "large_objects": {
        "map50_95": 0.6803443666325635,
        "map50": 0.7956075404127828,
        "map75": 0.7440139066408153
    },
    "metadata": {
        "model": "yolov10x",
        "param_count": 31738160,
        "run_date": "2024-09-06T07:50:59.260470+00:00"
    }
}
