{
    "metadata": {
        "model": "D\u2011FINE\u2011X",
        "license": "Apache-2.0",
        "run_parameters": {
            "imgsz": 640,
            "conf": 0.001
        },
        "param_count": 61601635,
        "run_date": "2024-11-30T15:34:31.249037+00:00"
    },
    "map50_95": 0.5412884800986779,
    "map50": 0.7166391180688009,
    "map75": 0.5843090799180614,
    "small_objects": {
        "map50_95": 0.26577391016604135,
        "map50": 0.4204213608890482,
        "map75": 0.2849821329125042
    },
    "medium_objects": {
        "map50_95": 0.49187707994641156,
        "map50": 0.667776251420199,
        "map75": 0.5506275489522772
    },
    "large_objects": {
        "map50_95": 0.6894573901354175,
        "map50": 0.8207794964547676,
        "map75": 0.7393501736230832
    },
    "iou_thresholds": [
        0.5,
        0.55,
        0.6,
        0.65,
        0.7,
        0.75,
        0.8,
        0.85,
        0.8999999999999999,
        0.95
    ],
    "f1_50": 0.05502261232306097,
    "f1_75": 0.045594707812090164,
    "f1_small_objects": {
        "f1_50": 0.05357001873043499,
        "f1_75": 0.033972001296026455
    },
    "f1_medium_objects": {
        "f1_50": 0.09390118651490137,
        "f1_75": 0.08149773985318125
    },
    "f1_large_objects": {
        "f1_50": 0.08145177470815365,
        "f1_75": 0.07772815532345857
    },
    "f1_iou_thresholds": [
        0.5,
        0.55,
        0.6,
        0.65,
        0.7,
        0.75,
        0.8,
        0.85,
        0.8999999999999999,
        0.95
    ]
}
