{
    "metadata": {
        "model": "D-FINE-L",
        "license": "Apache-2.0",
        "run_parameters": {
            "imgsz": 640,
            "conf": 0.001
        },
        "param_count": 30724195,
        "run_date": "2024-11-30T15:31:29.563018+00:00"
    },
    "map50_95": 0.5219932815159587,
    "map50": 0.6952979708509999,
    "map75": 0.5653622772704325,
    "small_objects": {
        "map50_95": 0.2477807526608342,
        "map50": 0.39281358142909667,
        "map75": 0.2682646010589643
    },
    "medium_objects": {
        "map50_95": 0.4757793179580914,
        "map50": 0.6506829538892683,
        "map75": 0.5321307963239714
    },
    "large_objects": {
        "map50_95": 0.6679411840312329,
        "map50": 0.7990835690433563,
        "map75": 0.7183590809069729
    },
    "iou_thresholds": [
        0.5,
        0.55,
        0.6,
        0.65,
        0.7,
        0.75,
        0.8,
        0.85,
        0.8999999999999999,
        0.95
    ],
    "f1_50": 0.055112414649932884,
    "f1_75": 0.045577933029039445,
    "f1_small_objects": {
        "f1_50": 0.0538862414751944,
        "f1_75": 0.03414610933748649
    },
    "f1_medium_objects": {
        "f1_50": 0.09175005181275003,
        "f1_75": 0.07934473563523216
    },
    "f1_large_objects": {
        "f1_50": 0.08174917885040568,
        "f1_75": 0.07779861089961485
    },
    "f1_iou_thresholds": [
        0.5,
        0.55,
        0.6,
        0.65,
        0.7,
        0.75,
        0.8,
        0.85,
        0.8999999999999999,
        0.95
    ]
}
