{
    "iou_thresholds": [
        0.5,
        0.55,
        0.6,
        0.65,
        0.7,
        0.75,
        0.8,
        0.85,
        0.8999999999999999,
        0.95
    ],
    "map50_95": 0.5696766219873577,
    "map50": 0.7456613896429635,
    "map75": 0.6216833090802851,
    "small_objects": {
        "map50_95": 0.2164408920207704,
        "map50": 0.37677588467766693,
        "map75": 0.22295705333684643
    },
    "medium_objects": {
        "map50_95": 0.47059242695749853,
        "map50": 0.6625095029826872,
        "map75": 0.5266103913293866
    },
    "large_objects": {
        "map50_95": 0.7237607035376005,
        "map50": 0.8554560137741346,
        "map75": 0.7928714420440278
    },
    "metadata": {
        "model": "RT-DETRv2 (r18vd)",
        "param_count": 21955472,
        "run_date": "2024-09-10T00:58:16.924185+00:00"
    }
}
