{
    "metadata": {
        "model": "yolov8l",
        "param_count": 43668288,
        "run_date": "2024-09-10T16:49:31.416880+00:00"
    },
    "map50_95": 0.46475790094445707,
    "map50": 0.6002044065231572,
    "map75": 0.507691851937647,
    "small_objects": {
        "map50_95": 0.2040768890399344,
        "map50": 0.2977726336507291,
        "map75": 0.22665843054142248
    },
    "medium_objects": {
        "map50_95": 0.4296091054010001,
        "map50": 0.5714369924196354,
        "map75": 0.48830439489813726
    },
    "large_objects": {
        "map50_95": 0.6121140178532201,
        "map50": 0.7289824533858196,
        "map75": 0.6576552752986646
    },
    "iou_thresholds": [
        0.5,
        0.55,
        0.6,
        0.65,
        0.7,
        0.75,
        0.8,
        0.85,
        0.8999999999999999,
        0.95
    ]
}
