{
    "metadata": {
        "model": "yolov8x",
        "license": "APGL-3.0",
        "param_count": 68200608,
        "run_date": "2024-09-10T23:52:10.141435+00:00"
    },
    "map50_95": 0.5224729352634083,
    "map50": 0.6928428439393775,
    "map75": 0.5658418835396923,
    "small_objects": {
        "map50_95": 0.25598979356112733,
        "map50": 0.39654255057136006,
        "map75": 0.274085101372328
    },
    "medium_objects": {
        "map50_95": 0.48758668056752924,
        "map50": 0.6618212906647764,
        "map75": 0.5442969728329826
    },
    "large_objects": {
        "map50_95": 0.6571236038359161,
        "map50": 0.7926417959505571,
        "map75": 0.706921017993406
    },
    "iou_thresholds": [
        0.5,
        0.55,
        0.6,
        0.65,
        0.7,
        0.75,
        0.8,
        0.85,
        0.8999999999999999,
        0.95
    ]
}
