{
    "metadata": {
        "model": "yolov8l",
        "license": "APGL-3.0",
        "run_parameters": {
            "imgsz": 640,
            "iou": 0.6,
            "max_det": 300,
            "conf": 0.001,
            "verbose": false
        },
        "param_count": 43668288,
        "run_date": "2024-09-22T23:47:51.777966+00:00"
    },
    "map50_95": 0.511340365673001,
    "map50": 0.6818834865949015,
    "map75": 0.5532324863098792,
    "small_objects": {
        "map50_95": 0.25420034505801864,
        "map50": 0.39422254063904527,
        "map75": 0.2741578959929114
    },
    "medium_objects": {
        "map50_95": 0.47948036802038513,
        "map50": 0.6528224282542436,
        "map75": 0.540699897659841
    },
    "large_objects": {
        "map50_95": 0.6474113378937942,
        "map50": 0.7814510210320753,
        "map75": 0.6937697480248785
    },
    "iou_thresholds": [
        0.5,
        0.55,
        0.6,
        0.65,
        0.7,
        0.75,
        0.8,
        0.85,
        0.8999999999999999,
        0.95
    ],
    "f1_75": 0.16205969612370527,
    "f1_50": 0.19692150370964395,
    "f1_small_objects": {
        "f1_50": 0.12147831558000848,
        "f1_75": 0.07690569555394208
    },
    "f1_medium_objects": {
        "f1_50": 0.2276785910382567,
        "f1_75": 0.1948046571431011
    },
    "f1_large_objects": {
        "f1_50": 0.42244264160769096,
        "f1_75": 0.3904063830680425
    },
    "f1_iou_thresholds": [
        0.5,
        0.55,
        0.6,
        0.65,
        0.7,
        0.75,
        0.8,
        0.85,
        0.8999999999999999,
        0.95
    ]
}
