{
    "metadata": {
        "model": "yolov8n",
        "param_count": 3151904,
        "run_date": "2024-09-10T23:14:14.800283+00:00"
    },
    "map50_95": 0.36107992040614717,
    "map50": 0.5177048447680661,
    "map75": 0.38832373033586254,
    "small_objects": {
        "map50_95": 0.1116102187695158,
        "map50": 0.19653257553097706,
        "map75": 0.11004165166136577
    },
    "medium_objects": {
        "map50_95": 0.31055786390355683,
        "map50": 0.46337363140413484,
        "map75": 0.3366583462842102
    },
    "large_objects": {
        "map50_95": 0.4956530290107429,
        "map50": 0.6444217871612856,
        "map75": 0.5454911394754738
    },
    "iou_thresholds": [
        0.5,
        0.55,
        0.6,
        0.65,
        0.7,
        0.75,
        0.8,
        0.85,
        0.8999999999999999,
        0.95
    ]
}
