{
    "metadata": {
        "model": "yolov8s",
        "license": "APGL-3.0",
        "run_parameters": {
            "imgsz": 640,
            "iou": 0.6,
            "max_det": 300,
            "conf": 0.001,
            "verbose": false
        },
        "param_count": 11156544,
        "run_date": "2024-09-30T06:33:22.535125+00:00"
    },
    "map50_95": 0.4349729425921134,
    "map50": 0.6035183104744979,
    "map75": 0.4662358665420669,
    "small_objects": {
        "map50_95": 0.17416252932581736,
        "map50": 0.28329632805077193,
        "map75": 0.18730061589658759
    },
    "medium_objects": {
        "map50_95": 0.3927473756025548,
        "map50": 0.5619761425564425,
        "map75": 0.4321562895025597
    },
    "large_objects": {
        "map50_95": 0.5744762967442364,
        "map50": 0.7237009599139812,
        "map75": 0.619079570092548
    },
    "iou_thresholds": [
        0.5,
        0.55,
        0.6,
        0.65,
        0.7,
        0.75,
        0.8,
        0.85,
        0.8999999999999999,
        0.95
    ],
    "f1_50": 0.13518388046628524,
    "f1_75": 0.10446977559521267,
    "f1_small_objects": {
        "f1_50": 0.08452111230697007,
        "f1_75": 0.0455729041484357
    },
    "f1_medium_objects": {
        "f1_50": 0.15182428390716582,
        "f1_75": 0.12109522673285078
    },
    "f1_large_objects": {
        "f1_50": 0.3156688849946123,
        "f1_75": 0.28307972310831314
    },
    "f1_iou_thresholds": [
        0.5,
        0.55,
        0.6,
        0.65,
        0.7,
        0.75,
        0.8,
        0.85,
        0.8999999999999999,
        0.95
    ]
}
