{
    "metadata": {
        "model": "yolov8s",
        "license": "APGL-3.0",
        "run_parameters": {
            "imgsz": 640,
            "iou": 0.6,
            "max_det": 300,
            "conf": 0.001,
            "verbose": false
        },
        "param_count": 11156544,
        "run_date": "2024-09-10T23:18:11.913012+00:00"
    },
    "map50_95": 0.4349514933109458,
    "map50": 0.6034741727406848,
    "map75": 0.4663653734518539,
    "small_objects": {
        "map50_95": 0.17419739522901567,
        "map50": 0.2832984180771835,
        "map75": 0.1873310846587216
    },
    "medium_objects": {
        "map50_95": 0.39280326869155036,
        "map50": 0.5620035052841122,
        "map75": 0.43216501299799076
    },
    "large_objects": {
        "map50_95": 0.574521564036771,
        "map50": 0.7237101815423765,
        "map75": 0.619344639907595
    },
    "iou_thresholds": [
        0.5,
        0.55,
        0.6,
        0.65,
        0.7,
        0.75,
        0.8,
        0.85,
        0.8999999999999999,
        0.95
    ]
}
