{
    "metadata": {
        "model": "yolov8n",
        "license": "APGL-3.0",
        "run_parameters": {
            "imgsz": 640,
            "iou": 0.6,
            "max_det": 300,
            "conf": 0.001,
            "verbose": false
        },
        "param_count": 3151904,
        "run_date": "2024-09-11T17:58:37.013186+00:00"
    },
    "map50_95": 0.36113037706164797,
    "map50": 0.5177666014570936,
    "map75": 0.3883871263809267,
    "small_objects": {
        "map50_95": 0.1115056566555179,
        "map50": 0.19632264884527495,
        "map75": 0.10985971360328846
    },
    "medium_objects": {
        "map50_95": 0.31059293362166557,
        "map50": 0.46338643095145404,
        "map75": 0.3369952149594262
    },
    "large_objects": {
        "map50_95": 0.4957375632083722,
        "map50": 0.6444844850243915,
        "map75": 0.5454443748020914
    },
    "iou_thresholds": [
        0.5,
        0.55,
        0.6,
        0.65,
        0.7,
        0.75,
        0.8,
        0.85,
        0.8999999999999999,
        0.95
    ]
}
