{
    "metadata": {
        "model": "yolov8s",
        "param_count": 11156544,
        "run_date": "2024-09-10T16:30:22.069598+00:00"
    },
    "map50_95": 0.39259793548937055,
    "map50": 0.5221746962427828,
    "map75": 0.42889943048681706,
    "small_objects": {
        "map50_95": 0.14088447763227366,
        "map50": 0.2100104950170096,
        "map75": 0.16085270055062922
    },
    "medium_objects": {
        "map50_95": 0.34464319798524656,
        "map50": 0.471427338334163,
        "map75": 0.38789577434765915
    },
    "large_objects": {
        "map50_95": 0.5385145815245117,
        "map50": 0.6650781537782099,
        "map75": 0.5835169625841272
    },
    "iou_thresholds": [
        0.5,
        0.55,
        0.6,
        0.65,
        0.7,
        0.75,
        0.8,
        0.85,
        0.8999999999999999,
        0.95
    ]
}
