{
    "metadata": {
        "model": "yolov8n",
        "param_count": 3151904,
        "run_date": "2024-09-10T16:26:32.417567+00:00"
    },
    "map50_95": 0.3098992452751215,
    "map50": 0.4194135165250145,
    "map75": 0.34230625817217836,
    "small_objects": {
        "map50_95": 0.068829195328868,
        "map50": 0.11022089371367469,
        "map75": 0.07262390030071655
    },
    "medium_objects": {
        "map50_95": 0.25395651835903865,
        "map50": 0.35673206494183063,
        "map75": 0.2856173645725877
    },
    "large_objects": {
        "map50_95": 0.44472091469497044,
        "map50": 0.5612195975347852,
        "map75": 0.4934855925167332
    },
    "iou_thresholds": [
        0.5,
        0.55,
        0.6,
        0.65,
        0.7,
        0.75,
        0.8,
        0.85,
        0.8999999999999999,
        0.95
    ]
}
