{
    "metadata": {
        "model": "yolov8m",
        "license": "APGL-3.0",
        "run_parameters": {
            "imgsz": 640,
            "iou": 0.6,
            "max_det": 300,
            "conf": 0.001,
            "verbose": false
        },
        "param_count": 25886080,
        "run_date": "2024-09-10T23:24:56.134038+00:00"
    },
    "map50_95": 0.4850764482852273,
    "map50": 0.6557558710184571,
    "map75": 0.5236025818200577,
    "small_objects": {
        "map50_95": 0.21862758887116926,
        "map50": 0.3504338545153029,
        "map75": 0.2328800190227224
    },
    "medium_objects": {
        "map50_95": 0.4505731666771029,
        "map50": 0.6262046682033715,
        "map75": 0.504870169981875
    },
    "large_objects": {
        "map50_95": 0.6209877039148616,
        "map50": 0.7622134508520726,
        "map75": 0.6666446122269053
    },
    "iou_thresholds": [
        0.5,
        0.55,
        0.6,
        0.65,
        0.7,
        0.75,
        0.8,
        0.85,
        0.8999999999999999,
        0.95
    ]
}
