{
    "metadata": {
        "model": "yolov8l",
        "license": "APGL-3.0",
        "run_parameters": {
            "imgsz": 640,
            "iou": 0.6,
            "max_det": 300,
            "conf": 0.001,
            "verbose": false
        },
        "param_count": 43668288,
        "run_date": "2024-09-10T23:36:29.969043+00:00"
    },
    "map50_95": 0.5113536598644233,
    "map50": 0.6818119743607345,
    "map75": 0.5532226083613143,
    "small_objects": {
        "map50_95": 0.2541488631661326,
        "map50": 0.3941095872790704,
        "map75": 0.2741537493729201
    },
    "medium_objects": {
        "map50_95": 0.47955247178653887,
        "map50": 0.6528704380513769,
        "map75": 0.5408872552762262
    },
    "large_objects": {
        "map50_95": 0.6474371533634005,
        "map50": 0.7813953355680889,
        "map75": 0.69372895366936
    },
    "iou_thresholds": [
        0.5,
        0.55,
        0.6,
        0.65,
        0.7,
        0.75,
        0.8,
        0.85,
        0.8999999999999999,
        0.95
    ]
}
