{
    "metadata": {
        "model": "yolov8x",
        "param_count": 68200608,
        "run_date": "2024-09-10T17:05:29.823436+00:00"
    },
    "map50_95": 0.47701799131444944,
    "map50": 0.6138733399971239,
    "map75": 0.5209080127186462,
    "small_objects": {
        "map50_95": 0.20839158396697677,
        "map50": 0.3066574992631915,
        "map75": 0.2306019216792204
    },
    "medium_objects": {
        "map50_95": 0.4396893207706662,
        "map50": 0.583368357847087,
        "map75": 0.4937809180312245
    },
    "large_objects": {
        "map50_95": 0.6200811230622216,
        "map50": 0.738520090312218,
        "map75": 0.6669417918308371
    },
    "iou_thresholds": [
        0.5,
        0.55,
        0.6,
        0.65,
        0.7,
        0.75,
        0.8,
        0.85,
        0.8999999999999999,
        0.95
    ]
}
