{
    "metadata": {
        "model": "yolov8x",
        "license": "APGL-3.0",
        "run_parameters": {
            "imgsz": 640,
            "iou": 0.6,
            "max_det": 300,
            "conf": 0.001,
            "verbose": false
        },
        "param_count": 68200608,
        "run_date": "2024-09-22T23:50:03.218061+00:00"
    },
    "map50_95": 0.5224782800437047,
    "map50": 0.6928732246889833,
    "map75": 0.5658364945361546,
    "small_objects": {
        "map50_95": 0.2559641188116497,
        "map50": 0.3965652092449827,
        "map75": 0.2740472310620755
    },
    "medium_objects": {
        "map50_95": 0.48798121050508747,
        "map50": 0.6622798133116985,
        "map75": 0.5447480150956083
    },
    "large_objects": {
        "map50_95": 0.6570871226982951,
        "map50": 0.7926572883372152,
        "map75": 0.7068556092098695
    },
    "iou_thresholds": [
        0.5,
        0.55,
        0.6,
        0.65,
        0.7,
        0.75,
        0.8,
        0.85,
        0.8999999999999999,
        0.95
    ],
    "f1_75": 0.1711587584739747,
    "f1_50": 0.2068501631280764,
    "f1_small_objects": {
        "f1_50": 0.12517994179230246,
        "f1_75": 0.08140991931569841
    },
    "f1_medium_objects": {
        "f1_50": 0.24625819828403683,
        "f1_75": 0.21140193230296273
    },
    "f1_large_objects": {
        "f1_50": 0.4475472986541321,
        "f1_75": 0.41368816678288806
    },
    "f1_iou_thresholds": [
        0.5,
        0.55,
        0.6,
        0.65,
        0.7,
        0.75,
        0.8,
        0.85,
        0.8999999999999999,
        0.95
    ]
}
