{
    "metadata": {
        "model": "yolov8n",
        "license": "APGL-3.0",
        "run_parameters": {
            "imgsz": 640,
            "iou": 0.6,
            "max_det": 300,
            "conf": 0.001,
            "verbose": false
        },
        "param_count": 3151904,
        "run_date": "2024-09-30T06:32:40.173555+00:00"
    },
    "map50_95": 0.3611303770616479,
    "map50": 0.5177666014570935,
    "map75": 0.388387126380927,
    "small_objects": {
        "map50_95": 0.11150565665551788,
        "map50": 0.19632264884527492,
        "map75": 0.10985971360328843
    },
    "medium_objects": {
        "map50_95": 0.3105929336216655,
        "map50": 0.46338643095145393,
        "map75": 0.33699521495942614
    },
    "large_objects": {
        "map50_95": 0.4957375632083722,
        "map50": 0.6444844850243913,
        "map75": 0.5454443748020914
    },
    "iou_thresholds": [
        0.5,
        0.55,
        0.6,
        0.65,
        0.7,
        0.75,
        0.8,
        0.85,
        0.8999999999999999,
        0.95
    ],
    "f1_50": 0.10698233161314832,
    "f1_75": 0.07878458939906306,
    "f1_small_objects": {
        "f1_50": 0.06907964501933606,
        "f1_75": 0.032859895059074606
    },
    "f1_medium_objects": {
        "f1_50": 0.11272009898607982,
        "f1_75": 0.08271332403179087
    },
    "f1_large_objects": {
        "f1_50": 0.23796917359688716,
        "f1_75": 0.20962535492005602
    },
    "f1_iou_thresholds": [
        0.5,
        0.55,
        0.6,
        0.65,
        0.7,
        0.75,
        0.8,
        0.85,
        0.8999999999999999,
        0.95
    ]
}
