{
    "metadata": {
        "model": "yolov8m",
        "param_count": 25886080,
        "run_date": "2024-09-10T16:37:21.246034+00:00"
    },
    "map50_95": 0.44326309365970834,
    "map50": 0.5790246650246343,
    "map75": 0.4848025553797196,
    "small_objects": {
        "map50_95": 0.17948277455086564,
        "map50": 0.26711443213742453,
        "map75": 0.19748275604844417
    },
    "medium_objects": {
        "map50_95": 0.40470495869664624,
        "map50": 0.5456412110443967,
        "map75": 0.4595530640214257
    },
    "large_objects": {
        "map50_95": 0.586490624917586,
        "map50": 0.7068886716205958,
        "map75": 0.6324725773115982
    },
    "iou_thresholds": [
        0.5,
        0.55,
        0.6,
        0.65,
        0.7,
        0.75,
        0.8,
        0.85,
        0.8999999999999999,
        0.95
    ]
}
