{
    "iou_thresholds": [
        0.5,
        0.55,
        0.6,
        0.65,
        0.7,
        0.75,
        0.8,
        0.85,
        0.8999999999999999,
        0.95
    ],
    "map50_95": 0.606046011581397,
    "map50": 0.7980854993784391,
    "map75": 0.6594707903278242,
    "small_objects": {
        "map50_95": 0.22619542807434964,
        "map50": 0.4130216247593971,
        "map75": 0.22542343242668045
    },
    "medium_objects": {
        "map50_95": 0.51309048016622,
        "map50": 0.7228596017730227,
        "map75": 0.5776837062268457
    },
    "large_objects": {
        "map50_95": 0.7602161903257374,
        "map50": 0.8974324606562991,
        "map75": 0.8308511903418218
    },
    "metadata": {
        "model": "RT-DETRv1 (r50vd)",
        "param_count": 49972332,
        "run_date": "2024-09-10T02:17:04.024123+00:00"
    }
}
