{
    "iou_thresholds": [
        0.5,
        0.55,
        0.6,
        0.65,
        0.7,
        0.75,
        0.8,
        0.85,
        0.8999999999999999,
        0.95
    ],
    "map50_95": 0.5292363244186897,
    "map50": 0.6685694483328342,
    "map75": 0.5808256097536322,
    "small_objects": {
        "map50_95": 0.1442964478859126,
        "map50": 0.23707207676072342,
        "map75": 0.16056318262992036
    },
    "medium_objects": {
        "map50_95": 0.4274668578058369,
        "map50": 0.5791180356362082,
        "map75": 0.4881116940985944
    },
    "large_objects": {
        "map50_95": 0.7064041582560443,
        "map50": 0.8263098206729577,
        "map75": 0.7680537806353849
    },
    "metadata": {
        "model": "RT-DETR, r50vd",
        "param_count": 42891372,
        "run_date": "2024-09-08T11:58:55.063425+00:00"
    }
}
