{
    "iou_thresholds": [
        0.5,
        0.55,
        0.6,
        0.65,
        0.7,
        0.75,
        0.8,
        0.85,
        0.8999999999999999,
        0.95
    ],
    "map50_95": 0.5949214390007208,
    "map50": 0.779765134069539,
    "map75": 0.649198768257534,
    "small_objects": {
        "map50_95": 0.21930322628480012,
        "map50": 0.39000856493890523,
        "map75": 0.2237970819288829
    },
    "medium_objects": {
        "map50_95": 0.5041647812734794,
        "map50": 0.7061267273243967,
        "map75": 0.5704310814982383
    },
    "large_objects": {
        "map50_95": 0.7511051351817748,
        "map50": 0.8861777577343254,
        "map75": 0.8207680491919189
    },
    "metadata": {
        "model": "RT-DETRv2 (r50vd_m)",
        "param_count": 38364780,
        "run_date": "2024-09-10T01:29:54.634845+00:00"
    }
}
