{
    "iou_thresholds": [
        0.5,
        0.55,
        0.6,
        0.65,
        0.7,
        0.75,
        0.8,
        0.85,
        0.8999999999999999,
        0.95
    ],
    "map50_95": 0.5247541738156678,
    "map50": 0.6565834481230972,
    "map75": 0.5801064579037372,
    "small_objects": {
        "map50_95": 0.14353838604209504,
        "map50": 0.22564564087362657,
        "map75": 0.16055997385410561
    },
    "medium_objects": {
        "map50_95": 0.4402079320894897,
        "map50": 0.5821413769646222,
        "map75": 0.507334652248083
    },
    "large_objects": {
        "map50_95": 0.6995355957764847,
        "map50": 0.8180537337963573,
        "map75": 0.7642501132155488
    },
    "metadata": {
        "model": "yolov8x",
        "param_count": 68200608,
        "run_date": "2024-09-06T04:04:00.920845+00:00"
    }
}
