{
    "iou_thresholds": [
        0.5,
        0.55,
        0.6,
        0.65,
        0.7,
        0.75,
        0.8,
        0.85,
        0.8999999999999999,
        0.95
    ],
    "map50_95": 0.5588879771138925,
    "map50": 0.7442036466361981,
    "map75": 0.6086266701427631,
    "small_objects": {
        "map50_95": 0.1929835001191932,
        "map50": 0.35120516727958556,
        "map75": 0.19205530200233434
    },
    "medium_objects": {
        "map50_95": 0.45738485164026466,
        "map50": 0.6545064966079266,
        "map75": 0.5123161786472317
    },
    "large_objects": {
        "map50_95": 0.7188931267606824,
        "map50": 0.8611483976227261,
        "map75": 0.7887164864058074
    },
    "metadata": {
        "model": "RT-DETRv1 (r34vd)",
        "param_count": 33212676,
        "run_date": "2024-09-10T02:02:12.003496+00:00"
    }
}
