{
    "iou_thresholds": [
        0.5,
        0.55,
        0.6,
        0.65,
        0.7,
        0.75,
        0.8,
        0.85,
        0.8999999999999999,
        0.95
    ],
    "map50_95": 0.4726125479603428,
    "map50": 0.6002256973648424,
    "map75": 0.5203040654475499,
    "small_objects": {
        "map50_95": 0.1107090843279556,
        "map50": 0.18425686413632889,
        "map75": 0.12255783585180371
    },
    "medium_objects": {
        "map50_95": 0.36147716522713563,
        "map50": 0.4938892782353294,
        "map75": 0.4110872416675691
    },
    "large_objects": {
        "map50_95": 0.6525162702395667,
        "map50": 0.7723209465936482,
        "map75": 0.7143678467428763
    },
    "metadata": {
        "model": "RT-DETR, r34vd",
        "param_count": 31424388,
        "run_date": "2024-09-08T11:54:38.600864+00:00"
    }
}
