{
    "iou_thresholds": [
        0.5,
        0.55,
        0.6,
        0.65,
        0.7,
        0.75,
        0.8,
        0.85,
        0.8999999999999999,
        0.95
    ],
    "map50_95": 0.44287384642518984,
    "map50": 0.5648040788634718,
    "map75": 0.48768947628339887,
    "small_objects": {
        "map50_95": 0.10477051706646866,
        "map50": 0.16878627569632773,
        "map75": 0.1150611934626431
    },
    "medium_objects": {
        "map50_95": 0.3398981041125954,
        "map50": 0.4640973585775853,
        "map75": 0.3871814115004067
    },
    "large_objects": {
        "map50_95": 0.6043099979245311,
        "map50": 0.7213125036887025,
        "map75": 0.6608498962695231
    },
    "metadata": {
        "model": "RT-DETR, r18vd, o365",
        "param_count": 20174608,
        "run_date": "2024-09-08T11:48:44.649525+00:00"
    }
}