{
    "iou_thresholds": [
        0.5,
        0.55,
        0.6,
        0.65,
        0.7,
        0.75,
        0.8,
        0.85,
        0.8999999999999999,
        0.95
    ],
    "map50_95": 0.4739866012523288,
    "map50": 0.6093773400270306,
    "map75": 0.5225729271819731,
    "small_objects": {
        "map50_95": 0.11822856630336014,
        "map50": 0.19283515451834166,
        "map75": 0.13041204953828264
    },
    "medium_objects": {
        "map50_95": 0.3798249826433354,
        "map50": 0.5188734712868384,
        "map75": 0.43716786054050666
    },
    "large_objects": {
        "map50_95": 0.6370187314349914,
        "map50": 0.7610638920355065,
        "map75": 0.6957215513593562
    },
    "metadata": {
        "model": "yolov9m",
        "param_count": 20216160,
        "run_date": "2024-09-06T01:55:50.128848+00:00"
    }
}
