{
    "iou_thresholds": [
        0.5,
        0.55,
        0.6,
        0.65,
        0.7,
        0.75,
        0.8,
        0.85,
        0.8999999999999999,
        0.95
    ],
    "map50_95": 0.47665506482028663,
    "map50": 0.6004468244985418,
    "map75": 0.5268549973729897,
    "small_objects": {
        "map50_95": 0.10843727928984062,
        "map50": 0.17600521941174066,
        "map75": 0.12050163409180048
    },
    "medium_objects": {
        "map50_95": 0.3857810293676813,
        "map50": 0.5173063137940329,
        "map75": 0.4423190148456423
    },
    "large_objects": {
        "map50_95": 0.6488178335271317,
        "map50": 0.7651577370520183,
        "map75": 0.7097262831120523
    },
    "metadata": {
        "model": "yolov10b",
        "param_count": 20534512,
        "run_date": "2024-09-06T06:20:50.379401+00:00"
    }
}
