{
    "iou_thresholds": [
        0.5,
        0.55,
        0.6,
        0.65,
        0.7,
        0.75,
        0.8,
        0.85,
        0.8999999999999999,
        0.95
    ],
    "map50_95": 0.5354048507415828,
    "map50": 0.6737106995094232,
    "map75": 0.5873254767826523,
    "small_objects": {
        "map50_95": 0.1540389736457455,
        "map50": 0.2532449632888123,
        "map75": 0.16842308088968205
    },
    "medium_objects": {
        "map50_95": 0.43881055053112616,
        "map50": 0.5890309445824349,
        "map75": 0.49957246843571834
    },
    "large_objects": {
        "map50_95": 0.709536124901388,
        "map50": 0.8271428732082373,
        "map75": 0.7708873121489459
    },
    "metadata": {
        "model": "PekingU/rtdetr_r101vd",
        "param_count": 76556268,
        "run_date": "2024-09-08T12:44:08.168921+00:00"
    }
}