{
    "iou_thresholds": [
        0.5,
        0.55,
        0.6,
        0.65,
        0.7,
        0.75,
        0.8,
        0.85,
        0.8999999999999999,
        0.95
    ],
    "map50_95": 0.6149062216386002,
    "map50": 0.8036140829619252,
    "map75": 0.6701886778678772,
    "small_objects": {
        "map50_95": 0.2516969934935195,
        "map50": 0.442954931971485,
        "map75": 0.264049161129734
    },
    "medium_objects": {
        "map50_95": 0.5282478569067597,
        "map50": 0.7345516213412829,
        "map75": 0.5968925252162416
    },
    "large_objects": {
        "map50_95": 0.7646879910325788,
        "map50": 0.8985688164419805,
        "map75": 0.8335007322911896
    },
    "metadata": {
        "model": "RT-DETRv1 (r101vd)",
        "param_count": 92486124,
        "run_date": "2024-09-10T02:34:13.812312+00:00"
    }
}
