{
    "metadata": {
        "model": "yolov10n",
        "license": "APGL-3.0",
        "run_parameters": {
            "imgsz": 640,
            "iou": 0.6,
            "max_det": 300,
            "conf": 0.001,
            "verbose": false
        },
        "param_count": 2762608,
        "run_date": "2024-09-23T01:18:00.471579+00:00"
    },
    "map50_95": 0.3765572089615458,
    "map50": 0.5260541666708797,
    "map75": 0.4090613846841299,
    "small_objects": {
        "map50_95": 0.12030443539300104,
        "map50": 0.20373574264454783,
        "map75": 0.1269964173339701
    },
    "medium_objects": {
        "map50_95": 0.322821701919836,
        "map50": 0.4725700820887715,
        "map75": 0.35947529913199133
    },
    "large_objects": {
        "map50_95": 0.5222208049397794,
        "map50": 0.6636617755984061,
        "map75": 0.5711835140906704
    },
    "iou_thresholds": [
        0.5,
        0.55,
        0.6,
        0.65,
        0.7,
        0.75,
        0.8,
        0.85,
        0.8999999999999999,
        0.95
    ],
    "f1_50": 0.09213326892206306,
    "f1_75": 0.07273121791160295,
    "f1_small_objects": {
        "f1_50": 0.059275792916839896,
        "f1_75": 0.032479320440400104
    },
    "f1_medium_objects": {
        "f1_50": 0.10615649066343963,
        "f1_75": 0.0860462307402727
    },
    "f1_large_objects": {
        "f1_50": 0.192710090292798,
        "f1_75": 0.17697278938665642
    },
    "f1_iou_thresholds": [
        0.5,
        0.55,
        0.6,
        0.65,
        0.7,
        0.75,
        0.8,
        0.85,
        0.8999999999999999,
        0.95
    ]
}
