{
    "metadata": {
        "model": "yolov10m",
        "param_count": 16543024,
        "run_date": "2024-09-10T16:57:49.965243+00:00"
    },
    "map50_95": 0.42768551711914055,
    "map50": 0.5537755642876012,
    "map75": 0.469007337742787,
    "small_objects": {
        "map50_95": 0.15830608389020218,
        "map50": 0.230173597947657,
        "map75": 0.1759155790746084
    },
    "medium_objects": {
        "map50_95": 0.3924907670986746,
        "map50": 0.5243520193151011,
        "map75": 0.44478858212339645
    },
    "large_objects": {
        "map50_95": 0.5703085486538706,
        "map50": 0.686495561516544,
        "map75": 0.617064756476624
    },
    "iou_thresholds": [
        0.5,
        0.55,
        0.6,
        0.65,
        0.7,
        0.75,
        0.8,
        0.85,
        0.8999999999999999,
        0.95
    ]
}
