{
    "metadata": {
        "model": "yolov10x",
        "license": "APGL-3.0",
        "param_count": 31738160,
        "run_date": "2024-09-11T06:58:14.018727+00:00"
    },
    "map50_95": 0.5322172579705878,
    "map50": 0.7001374705335366,
    "map75": 0.5797446524456603,
    "small_objects": {
        "map50_95": 0.27274637042720357,
        "map50": 0.4222710720281591,
        "map75": 0.2957131128311451
    },
    "medium_objects": {
        "map50_95": 0.5004643874851188,
        "map50": 0.6724499844328559,
        "map75": 0.5629014808086344
    },
    "large_objects": {
        "map50_95": 0.6687752341231782,
        "map50": 0.7987958798254203,
        "map75": 0.7207387845010169
    },
    "iou_thresholds": [
        0.5,
        0.55,
        0.6,
        0.65,
        0.7,
        0.75,
        0.8,
        0.85,
        0.8999999999999999,
        0.95
    ]
}
