{
    "metadata": {
        "model": "yolov10b",
        "param_count": 20534512,
        "run_date": "2024-09-10T16:59:15.109643+00:00"
    },
    "map50_95": 0.44677447112450225,
    "map50": 0.5746200532737853,
    "map75": 0.4917968937850474,
    "small_objects": {
        "map50_95": 0.18016388853038856,
        "map50": 0.26238020272202134,
        "map75": 0.2062161173323366
    },
    "medium_objects": {
        "map50_95": 0.4123926004367482,
        "map50": 0.5456249798302898,
        "map75": 0.4675331202362762
    },
    "large_objects": {
        "map50_95": 0.583911050996643,
        "map50": 0.6973075707819494,
        "map75": 0.6307628000196851
    },
    "iou_thresholds": [
        0.5,
        0.55,
        0.6,
        0.65,
        0.7,
        0.75,
        0.8,
        0.85,
        0.8999999999999999,
        0.95
    ]
}
