{
    "metadata": {
        "model": "yolov10s",
        "param_count": 8096880,
        "run_date": "2024-09-10T16:56:29.948251+00:00"
    },
    "map50_95": 0.38903860091403936,
    "map50": 0.5117876920944442,
    "map75": 0.42779016881018217,
    "small_objects": {
        "map50_95": 0.12277919263032076,
        "map50": 0.18375991966621122,
        "map75": 0.13768852830118686
    },
    "medium_objects": {
        "map50_95": 0.3393171393805891,
        "map50": 0.46583304325102404,
        "map75": 0.3845877070261611
    },
    "large_objects": {
        "map50_95": 0.5419560852813281,
        "map50": 0.6622553792494449,
        "map75": 0.590034913499075
    },
    "iou_thresholds": [
        0.5,
        0.55,
        0.6,
        0.65,
        0.7,
        0.75,
        0.8,
        0.85,
        0.8999999999999999,
        0.95
    ]
}