{
    "metadata": {
        "model": "yolov10m",
        "param_count": 16543024,
        "run_date": "2024-09-11T06:15:13.254833+00:00"
    },
    "map50_95": 0.4985133021605519,
    "map50": 0.6674225563674506,
    "map75": 0.5440483868841379,
    "small_objects": {
        "map50_95": 0.24321138515145269,
        "map50": 0.3794609907449295,
        "map75": 0.25837288385953333
    },
    "medium_objects": {
        "map50_95": 0.4666641326436146,
        "map50": 0.6402552349229303,
        "map75": 0.5266073132389671
    },
    "large_objects": {
        "map50_95": 0.6337068975510818,
        "map50": 0.769311494847955,
        "map75": 0.6872034980360436
    },
    "iou_thresholds": [
        0.5,
        0.55,
        0.6,
        0.65,
        0.7,
        0.75,
        0.8,
        0.85,
        0.8999999999999999,
        0.95
    ]
}