{
    "metadata": {
        "model": "yolov10n",
        "license": "APGL-3.0",
        "run_parameters": {
            "imgsz": 640,
            "iou": 0.6,
            "max_det": 300,
            "conf": 0.001,
            "verbose": false
        },
        "param_count": 2762608,
        "run_date": "2024-09-11T06:00:26.460240+00:00"
    },
    "map50_95": 0.3765088416879911,
    "map50": 0.5260609848471127,
    "map75": 0.4090723182347159,
    "small_objects": {
        "map50_95": 0.12016938940212646,
        "map50": 0.20362997388940046,
        "map75": 0.1268368748435595
    },
    "medium_objects": {
        "map50_95": 0.32276234193312875,
        "map50": 0.4725625917155686,
        "map75": 0.3594433755980026
    },
    "large_objects": {
        "map50_95": 0.5221844566075309,
        "map50": 0.6637191598604325,
        "map75": 0.5712079164028042
    },
    "iou_thresholds": [
        0.5,
        0.55,
        0.6,
        0.65,
        0.7,
        0.75,
        0.8,
        0.85,
        0.8999999999999999,
        0.95
    ]
}
