{
    "metadata": {
        "model": "yolov10x",
        "param_count": 31738160,
        "run_date": "2024-09-10T17:02:41.080570+00:00"
    },
    "map50_95": 0.4628645904682389,
    "map50": 0.5931434811364381,
    "map75": 0.5052262665477348,
    "small_objects": {
        "map50_95": 0.19429029210380702,
        "map50": 0.28491082657529376,
        "map75": 0.21751306073743748
    },
    "medium_objects": {
        "map50_95": 0.4294013659909783,
        "map50": 0.5662449957139605,
        "map75": 0.48407654989761373
    },
    "large_objects": {
        "map50_95": 0.6025172585064554,
        "map50": 0.7140171160227877,
        "map75": 0.6464910035695024
    },
    "iou_thresholds": [
        0.5,
        0.55,
        0.6,
        0.65,
        0.7,
        0.75,
        0.8,
        0.85,
        0.8999999999999999,
        0.95
    ]
}