{
    "metadata": {
        "model": "yolov10b",
        "license": "APGL-3.0",
        "run_parameters": {
            "imgsz": 640,
            "iou": 0.6,
            "max_det": 300,
            "conf": 0.001,
            "verbose": false
        },
        "param_count": 20534512,
        "run_date": "2024-09-23T01:20:58.042055+00:00"
    },
    "map50_95": 0.5144131562916291,
    "map50": 0.6823977064116477,
    "map75": 0.5628675385891679,
    "small_objects": {
        "map50_95": 0.256510665867407,
        "map50": 0.3970774560681853,
        "map75": 0.2797342004838285
    },
    "medium_objects": {
        "map50_95": 0.4830814964720022,
        "map50": 0.6548616180390597,
        "map75": 0.5443189308098335
    },
    "large_objects": {
        "map50_95": 0.6501428216905192,
        "map50": 0.7838676391542665,
        "map75": 0.7069441622037982
    },
    "iou_thresholds": [
        0.5,
        0.55,
        0.6,
        0.65,
        0.7,
        0.75,
        0.8,
        0.85,
        0.8999999999999999,
        0.95
    ],
    "f1_50": 0.14999323533265066,
    "f1_75": 0.12775961534999047,
    "f1_small_objects": {
        "f1_50": 0.08495493321574396,
        "f1_75": 0.056609885218594225
    },
    "f1_medium_objects": {
        "f1_50": 0.19096833329082782,
        "f1_75": 0.16944258841987322
    },
    "f1_large_objects": {
        "f1_50": 0.3543327618160558,
        "f1_75": 0.3354952949345133
    },
    "f1_iou_thresholds": [
        0.5,
        0.55,
        0.6,
        0.65,
        0.7,
        0.75,
        0.8,
        0.85,
        0.8999999999999999,
        0.95
    ]
}
