{
    "metadata": {
        "model": "yolov10m",
        "license": "APGL-3.0",
        "run_parameters": {
            "imgsz": 640,
            "iou": 0.6,
            "max_det": 300,
            "conf": 0.001,
            "verbose": false
        },
        "param_count": 16543024,
        "run_date": "2024-09-23T01:19:53.113571+00:00"
    },
    "map50_95": 0.49853164823347623,
    "map50": 0.6674082025510417,
    "map75": 0.544032338381202,
    "small_objects": {
        "map50_95": 0.24315893323148421,
        "map50": 0.37940569732108026,
        "map75": 0.25825078064504225
    },
    "medium_objects": {
        "map50_95": 0.4666675696906227,
        "map50": 0.6402606338739345,
        "map75": 0.5265880018968241
    },
    "large_objects": {
        "map50_95": 0.6337626996738237,
        "map50": 0.7692663005582833,
        "map75": 0.6871564804347694
    },
    "iou_thresholds": [
        0.5,
        0.55,
        0.6,
        0.65,
        0.7,
        0.75,
        0.8,
        0.85,
        0.8999999999999999,
        0.95
    ],
    "f1_50": 0.1421664959671861,
    "f1_75": 0.12019016660426923,
    "f1_small_objects": {
        "f1_50": 0.08146360442899019,
        "f1_75": 0.052993972128646594
    },
    "f1_medium_objects": {
        "f1_50": 0.17723076960368064,
        "f1_75": 0.1561196386587452
    },
    "f1_large_objects": {
        "f1_50": 0.33381526775799925,
        "f1_75": 0.3153008880097011
    },
    "f1_iou_thresholds": [
        0.5,
        0.55,
        0.6,
        0.65,
        0.7,
        0.75,
        0.8,
        0.85,
        0.8999999999999999,
        0.95
    ]
}
