{
    "metadata": {
        "model": "yolov10x",
        "license": "APGL-3.0",
        "run_parameters": {
            "imgsz": 640,
            "iou": 0.6,
            "max_det": 300,
            "conf": 0.001,
            "verbose": false
        },
        "param_count": 31738160,
        "run_date": "2024-09-30T05:54:54.747611+00:00"
    },
    "map50_95": 0.5322232811173985,
    "map50": 0.7001348258892859,
    "map75": 0.5797371628199249,
    "small_objects": {
        "map50_95": 0.2725325849208779,
        "map50": 0.422035032168101,
        "map75": 0.29557686597950306
    },
    "medium_objects": {
        "map50_95": 0.5005172680410123,
        "map50": 0.6724527341047721,
        "map75": 0.5629335768715251
    },
    "large_objects": {
        "map50_95": 0.6688200456656187,
        "map50": 0.7988220751428566,
        "map75": 0.7207933687780973
    },
    "iou_thresholds": [
        0.5,
        0.55,
        0.6,
        0.65,
        0.7,
        0.75,
        0.8,
        0.85,
        0.8999999999999999,
        0.95
    ],
    "f1_50": 0.15901106960883638,
    "f1_75": 0.13644785088234243,
    "f1_small_objects": {
        "f1_50": 0.09115302081910993,
        "f1_75": 0.061742712925171236
    },
    "f1_medium_objects": {
        "f1_50": 0.20669043084126867,
        "f1_75": 0.18433524709887086
    },
    "f1_large_objects": {
        "f1_50": 0.3660040115131003,
        "f1_75": 0.34837677460770816
    },
    "f1_iou_thresholds": [
        0.5,
        0.55,
        0.6,
        0.65,
        0.7,
        0.75,
        0.8,
        0.85,
        0.8999999999999999,
        0.95
    ]
}
