{
    "metadata": {
        "model": "yolov10n",
        "param_count": 2762608,
        "run_date": "2024-09-10T11:46:51.074743+00:00"
    },
    "iou_thresholds": [
        0.5,
        0.55,
        0.6,
        0.65,
        0.7,
        0.75,
        0.8,
        0.85,
        0.8999999999999999,
        0.95
    ],
    "map50_95": 0.3084308088397576,
    "map50": 0.4092972071435833,
    "map75": 0.34212260072722417,
    "small_objects": {
        "map50_95": 0.04924619586510641,
        "map50": 0.07760433926986501,
        "map75": 0.05674375853913075
    },
    "medium_objects": {
        "map50_95": 0.2094094297400448,
        "map50": 0.29558247333481974,
        "map75": 0.23750693498966652
    },
    "large_objects": {
        "map50_95": 0.43969253848508827,
        "map50": 0.5550491765659078,
        "map75": 0.48650046990186907
    }
}