{
    "metadata": {
        "model": "yolov10l",
        "license": "APGL-3.0",
        "run_parameters": {
            "imgsz": 640,
            "iou": 0.6,
            "max_det": 300,
            "conf": 0.001,
            "verbose": false
        },
        "param_count": 25839728,
        "run_date": "2024-09-30T05:53:38.085356+00:00"
    },
    "map50_95": 0.5193999622446913,
    "map50": 0.6877618065155005,
    "map75": 0.5671128439859524,
    "small_objects": {
        "map50_95": 0.258523955122621,
        "map50": 0.4048260311189716,
        "map75": 0.2813030440141851
    },
    "medium_objects": {
        "map50_95": 0.48599001747068804,
        "map50": 0.6582109022500109,
        "map75": 0.5477617205050493
    },
    "large_objects": {
        "map50_95": 0.6591621527876248,
        "map50": 0.7929580616060907,
        "map75": 0.714848309773967
    },
    "iou_thresholds": [
        0.5,
        0.55,
        0.6,
        0.65,
        0.7,
        0.75,
        0.8,
        0.85,
        0.8999999999999999,
        0.95
    ],
    "f1_50": 0.15800699193206252,
    "f1_75": 0.1350550612526741,
    "f1_small_objects": {
        "f1_50": 0.08980090169265482,
        "f1_75": 0.06006266004557769
    },
    "f1_medium_objects": {
        "f1_50": 0.2016467076845786,
        "f1_75": 0.1790199800317417
    },
    "f1_large_objects": {
        "f1_50": 0.3619305472910582,
        "f1_75": 0.34427398106951784
    },
    "f1_iou_thresholds": [
        0.5,
        0.55,
        0.6,
        0.65,
        0.7,
        0.75,
        0.8,
        0.85,
        0.8999999999999999,
        0.95
    ]
}
