{
    "metadata": {
        "model": "yolov10b",
        "license": "APGL-3.0",
        "run_parameters": {
            "imgsz": 640,
            "iou": 0.6,
            "max_det": 300,
            "conf": 0.001,
            "verbose": false
        },
        "param_count": 20534512,
        "run_date": "2024-09-11T06:26:25.254425+00:00"
    },
    "map50_95": 0.5143792118069956,
    "map50": 0.6824004061676368,
    "map75": 0.5627853497461194,
    "small_objects": {
        "map50_95": 0.2564719395368623,
        "map50": 0.3970434043826135,
        "map75": 0.2797247747359929
    },
    "medium_objects": {
        "map50_95": 0.48297143947641724,
        "map50": 0.65475608470514,
        "map75": 0.5439932731257328
    },
    "large_objects": {
        "map50_95": 0.6501877214588737,
        "map50": 0.7839027323721222,
        "map75": 0.7070045634235113
    },
    "iou_thresholds": [
        0.5,
        0.55,
        0.6,
        0.65,
        0.7,
        0.75,
        0.8,
        0.85,
        0.8999999999999999,
        0.95
    ]
}
