{
    "metadata": {
        "model": "yolov10l",
        "param_count": 25839728,
        "run_date": "2024-09-10T17:00:51.651715+00:00"
    },
    "map50_95": 0.44867742497491747,
    "map50": 0.5780657869371236,
    "map75": 0.49070367762566036,
    "small_objects": {
        "map50_95": 0.19579312140674798,
        "map50": 0.2865821586492565,
        "map75": 0.22173661887273763
    },
    "medium_objects": {
        "map50_95": 0.41058466314170616,
        "map50": 0.5451187581069571,
        "map75": 0.463180046032032
    },
    "large_objects": {
        "map50_95": 0.5895185473608052,
        "map50": 0.7047207846339145,
        "map75": 0.6338660240869853
    },
    "iou_thresholds": [
        0.5,
        0.55,
        0.6,
        0.65,
        0.7,
        0.75,
        0.8,
        0.85,
        0.8999999999999999,
        0.95
    ]
}
