{
    "metadata": {
        "model": "yolov10l",
        "param_count": 25839728,
        "run_date": "2024-09-11T06:40:36.736680+00:00"
    },
    "map50_95": 0.5193880242072942,
    "map50": 0.6877678233859065,
    "map75": 0.5671532124246925,
    "small_objects": {
        "map50_95": 0.2584432484516646,
        "map50": 0.40473751495371346,
        "map75": 0.28128426987698835
    },
    "medium_objects": {
        "map50_95": 0.4859813785361321,
        "map50": 0.6582199031259204,
        "map75": 0.5477517431630547
    },
    "large_objects": {
        "map50_95": 0.6589157327805413,
        "map50": 0.7926125584781836,
        "map75": 0.714490451301635
    },
    "iou_thresholds": [
        0.5,
        0.55,
        0.6,
        0.65,
        0.7,
        0.75,
        0.8,
        0.85,
        0.8999999999999999,
        0.95
    ]
}
