{
    "metadata": {
        "model": "yolov10s",
        "license": "APGL-3.0",
        "run_parameters": {
            "imgsz": 640,
            "iou": 0.6,
            "max_det": 300,
            "conf": 0.001,
            "verbose": false
        },
        "param_count": 8096880,
        "run_date": "2024-09-11T06:06:20.613349+00:00"
    },
    "map50_95": 0.45374339278894915,
    "map50": 0.6202786326213161,
    "map75": 0.49485980546052266,
    "small_objects": {
        "map50_95": 0.18538386854372754,
        "map50": 0.29935561442986514,
        "map75": 0.19679687800521717
    },
    "medium_objects": {
        "map50_95": 0.40763577645735893,
        "map50": 0.5762364117411901,
        "map75": 0.45695369625119897
    },
    "large_objects": {
        "map50_95": 0.6015530294400476,
        "map50": 0.7464275332834238,
        "map75": 0.6560326855935931
    },
    "iou_thresholds": [
        0.5,
        0.55,
        0.6,
        0.65,
        0.7,
        0.75,
        0.8,
        0.85,
        0.8999999999999999,
        0.95
    ]
}
