{
    "metadata": {
        "model": "RT-DETRv2 (r50vd)",
        "param_count": 49972332,
        "run_date": "2024-09-10T16:35:20.553966+00:00"
    },
    "map50_95": 0.5219432048195,
    "map50": 0.7014642165353272,
    "map75": 0.5637984313455032,
    "small_objects": {
        "map50_95": 0.24987016854789557,
        "map50": 0.39968642214759986,
        "map75": 0.2697685071948782
    },
    "medium_objects": {
        "map50_95": 0.4768529921674922,
        "map50": 0.6548019470037264,
        "map75": 0.5339029559083259
    },
    "large_objects": {
        "map50_95": 0.6676710453843161,
        "map50": 0.8063987452700317,
        "map75": 0.7188082840384038
    },
    "iou_thresholds": [
        0.5,
        0.55,
        0.6,
        0.65,
        0.7,
        0.75,
        0.8,
        0.85,
        0.8999999999999999,
        0.95
    ]
}
