{
    "metadata": {
        "model": "RT-DETRv2 (r18vd)",
        "param_count": 21955472,
        "run_date": "2024-09-10T16:26:50.070114+00:00"
    },
    "map50_95": 0.4687995594739722,
    "map50": 0.6370584442700049,
    "map75": 0.506877566545174,
    "small_objects": {
        "map50_95": 0.21535478708745523,
        "map50": 0.3395428793596645,
        "map75": 0.22778600330760196
    },
    "medium_objects": {
        "map50_95": 0.41591835004016664,
        "map50": 0.582710782161214,
        "map75": 0.46111270923584724
    },
    "large_objects": {
        "map50_95": 0.6075716348351401,
        "map50": 0.7449516529285527,
        "map75": 0.6571583698150867
    },
    "iou_thresholds": [
        0.5,
        0.55,
        0.6,
        0.65,
        0.7,
        0.75,
        0.8,
        0.85,
        0.8999999999999999,
        0.95
    ]
}
