{
    "iou_thresholds": [
        0.5,
        0.55,
        0.6,
        0.65,
        0.7,
        0.75,
        0.8,
        0.85,
        0.8999999999999999,
        0.95
    ],
    "map50_95": 0.5159825730033629,
    "map50": 0.6520778671145748,
    "map75": 0.5653079811316992,
    "small_objects": {
        "map50_95": 0.14995009616125637,
        "map50": 0.2416292340414946,
        "map75": 0.16639820758910204
    },
    "medium_objects": {
        "map50_95": 0.41939514129666833,
        "map50": 0.5640831064062178,
        "map75": 0.47607987777472366
    },
    "large_objects": {
        "map50_95": 0.6843170975730777,
        "map50": 0.802576824921756,
        "map75": 0.7417091618002429
    },
    "metadata": {
        "model": "PekingU/rtdetr_r101vd_coco_o365",
        "param_count": 76556268,
        "run_date": "2024-09-08T12:47:43.965709+00:00"
    }
}