{
    "iou_thresholds": [
        0.5,
        0.55,
        0.6,
        0.65,
        0.7,
        0.75,
        0.8,
        0.85,
        0.8999999999999999,
        0.95
    ],
    "map50_95": 0.4968885238022335,
    "map50": 0.6324731815020923,
    "map75": 0.5471891218035466,
    "small_objects": {
        "map50_95": 0.13241673227252737,
        "map50": 0.21370654219357002,
        "map75": 0.1456751344274885
    },
    "medium_objects": {
        "map50_95": 0.4080877237746428,
        "map50": 0.5522078981356591,
        "map75": 0.4684213243452467
    },
    "large_objects": {
        "map50_95": 0.66321616538184,
        "map50": 0.7853183942131946,
        "map75": 0.7240833946889254
    },
    "metadata": {
        "model": "yolov9c",
        "param_count": 25590912,
        "run_date": "2024-09-06T04:38:14.913796+00:00"
    }
}