{
    "metadata": {
        "model": "rtmdet_s_syncbn_fast_8xb32-300e_coco",
        "license": "GPL-3.0",
        "run_parameters": {
            "imgsz": 640,
            "conf": 0.001
        },
        "param_count": 8886924,
        "run_date": "2024-09-23T02:33:02.571049+00:00"
    },
    "map50_95": 0.43884390387565153,
    "map50": 0.6099215664056953,
    "map75": 0.4771239324201934,
    "small_objects": {
        "map50_95": 0.16907088913570323,
        "map50": 0.27735569273645844,
        "map75": 0.18161027212724581
    },
    "medium_objects": {
        "map50_95": 0.388863839838892,
        "map50": 0.5659413183752309,
        "map75": 0.43058881328827125
    },
    "large_objects": {
        "map50_95": 0.5870105310486934,
        "map50": 0.7419594769103826,
        "map75": 0.6440220702339187
    },
    "iou_thresholds": [
        0.5,
        0.55,
        0.6,
        0.65,
        0.7,
        0.75,
        0.8,
        0.85,
        0.8999999999999999,
        0.95
    ],
    "f1_50": 0.04988311132575794,
    "f1_75": 0.038791749401449555,
    "f1_small_objects": {
        "f1_50": 0.05386625077485213,
        "f1_75": 0.028392506988554753
    },
    "f1_medium_objects": {
        "f1_50": 0.06750792274596967,
        "f1_75": 0.05357777849502396
    },
    "f1_large_objects": {
        "f1_50": 0.07715824357094489,
        "f1_75": 0.07029191887371607
    },
    "f1_iou_thresholds": [
        0.5,
        0.55,
        0.6,
        0.65,
        0.7,
        0.75,
        0.8,
        0.85,
        0.8999999999999999,
        0.95
    ]
}