{
    "metadata": {
        "model": "RTMDet-x",
        "license": "GPL-3.0",
        "run_parameters": {
            "imgsz": 640,
            "conf": 0.001
        },
        "param_count": 94855572,
        "run_date": "2024-09-13T01:43:18.850844+00:00"
    },
    "map50_95": 0.520971633083225,
    "map50": 0.6958011733601689,
    "map75": 0.5728153975103336,
    "small_objects": {
        "map50_95": 0.25265192304587114,
        "map50": 0.3920297106703919,
        "map75": 0.2730744201647372
    },
    "medium_objects": {
        "map50_95": 0.4765797108326248,
        "map50": 0.6562308609680363,
        "map75": 0.5384045845210623
    },
    "large_objects": {
        "map50_95": 0.6595025818284241,
        "map50": 0.8022158939722329,
        "map75": 0.7220228933441815
    },
    "iou_thresholds": [
        0.5,
        0.55,
        0.6,
        0.65,
        0.7,
        0.75,
        0.8,
        0.85,
        0.8999999999999999,
        0.95
    ]
}
