{
    "metadata": {
        "model": "rtmdet_m_syncbn_fast_8xb32-300e_coco",
        "license": "GPL-3.0",
        "run_parameters": {
            "imgsz": 640,
            "conf": 0.001
        },
        "param_count": 24709188,
        "run_date": "2024-09-23T02:37:49.630440+00:00"
    },
    "map50_95": 0.48535066916147096,
    "map50": 0.6607049475508446,
    "map75": 0.531475507320353,
    "small_objects": {
        "map50_95": 0.2201439867612042,
        "map50": 0.3465088244131632,
        "map75": 0.2403171863947742
    },
    "medium_objects": {
        "map50_95": 0.44030792587786527,
        "map50": 0.6228541655761869,
        "map75": 0.49451482617851844
    },
    "large_objects": {
        "map50_95": 0.625890774022884,
        "map50": 0.7789356056967076,
        "map75": 0.6825013203277369
    },
    "iou_thresholds": [
        0.5,
        0.55,
        0.6,
        0.65,
        0.7,
        0.75,
        0.8,
        0.85,
        0.8999999999999999,
        0.95
    ],
    "f1_50": 0.054617483111037333,
    "f1_75": 0.04412471964295952,
    "f1_small_objects": {
        "f1_50": 0.05965303405294159,
        "f1_75": 0.03591382413978633
    },
    "f1_medium_objects": {
        "f1_50": 0.07372920050595458,
        "f1_75": 0.060873287120914145
    },
    "f1_large_objects": {
        "f1_50": 0.0933220321748441,
        "f1_75": 0.0860701700079945
    },
    "f1_iou_thresholds": [
        0.5,
        0.55,
        0.6,
        0.65,
        0.7,
        0.75,
        0.8,
        0.85,
        0.8999999999999999,
        0.95
    ]
}
