{
    "metadata": {
        "model": "RTMDet-m",
        "license": "GPL-3.0",
        "run_parameters": {
            "imgsz": 640,
            "conf": 0.001
        },
        "param_count": 24709188,
        "run_date": "2024-09-13T01:36:56.158668+00:00"
    },
    "map50_95": 0.48535066916147085,
    "map50": 0.6607049475508449,
    "map75": 0.5314755073203531,
    "small_objects": {
        "map50_95": 0.2201439867612042,
        "map50": 0.3465088244131632,
        "map75": 0.24031718639477428
    },
    "medium_objects": {
        "map50_95": 0.4403079258778652,
        "map50": 0.6228541655761868,
        "map75": 0.4945148261785183
    },
    "large_objects": {
        "map50_95": 0.6258907740228843,
        "map50": 0.7789356056967077,
        "map75": 0.682501320327737
    },
    "iou_thresholds": [
        0.5,
        0.55,
        0.6,
        0.65,
        0.7,
        0.75,
        0.8,
        0.85,
        0.8999999999999999,
        0.95
    ]
}
