{
    "metadata": {
        "model": "RTMDet-tiny",
        "license": "GPL-3.0",
        "run_parameters": {
            "imgsz": 640,
            "conf": 0.001
        },
        "param_count": 4896168,
        "run_date": "2024-09-13T01:32:05.244864+00:00"
    },
    "map50_95": 0.4051644284761837,
    "map50": 0.569060915258383,
    "map75": 0.4392635942113426,
    "small_objects": {
        "map50_95": 0.1399772349713988,
        "map50": 0.234896774109904,
        "map75": 0.1466793932712645
    },
    "medium_objects": {
        "map50_95": 0.35137093290680504,
        "map50": 0.5161420691514615,
        "map75": 0.38847707440474544
    },
    "large_objects": {
        "map50_95": 0.5544068105044915,
        "map50": 0.7098826664605631,
        "map75": 0.6076576758935616
    },
    "iou_thresholds": [
        0.5,
        0.55,
        0.6,
        0.65,
        0.7,
        0.75,
        0.8,
        0.85,
        0.8999999999999999,
        0.95
    ]
}
