{
    "metadata": {
        "model": "RTMDet-l",
        "license": "GPL-3.0",
        "run_parameters": {
            "imgsz": 640,
            "conf": 0.001
        },
        "param_count": 52315804,
        "run_date": "2024-09-13T01:39:44.329399+00:00"
    },
    "map50_95": 0.5062431026930081,
    "map50": 0.6822713528807451,
    "map75": 0.552470545227493,
    "small_objects": {
        "map50_95": 0.23566866185299393,
        "map50": 0.37261555653278094,
        "map75": 0.2520895564150065
    },
    "medium_objects": {
        "map50_95": 0.4659475988147245,
        "map50": 0.6514727526021955,
        "map75": 0.5198676423072636
    },
    "large_objects": {
        "map50_95": 0.6464732327266226,
        "map50": 0.7900282126284217,
        "map75": 0.7058076059425709
    },
    "iou_thresholds": [
        0.5,
        0.55,
        0.6,
        0.65,
        0.7,
        0.75,
        0.8,
        0.85,
        0.8999999999999999,
        0.95
    ]
}
