{
    "metadata": {
        "model": "RTMDet-s",
        "license": "GPL-3.0",
        "run_parameters": {
            "imgsz": 640,
            "conf": 0.001
        },
        "param_count": 8886924,
        "run_date": "2024-09-13T01:34:23.020684+00:00"
    },
    "map50_95": 0.4388439038756515,
    "map50": 0.609921566405695,
    "map75": 0.4771239324201936,
    "small_objects": {
        "map50_95": 0.1690708891357032,
        "map50": 0.27735569273645844,
        "map75": 0.18161027212724581
    },
    "medium_objects": {
        "map50_95": 0.38886383983889194,
        "map50": 0.565941318375231,
        "map75": 0.43058881328827125
    },
    "large_objects": {
        "map50_95": 0.5870105310486933,
        "map50": 0.7419594769103824,
        "map75": 0.6440220702339186
    },
    "iou_thresholds": [
        0.5,
        0.55,
        0.6,
        0.65,
        0.7,
        0.75,
        0.8,
        0.85,
        0.8999999999999999,
        0.95
    ]
}
