{
    "metadata": {
        "model": "RTMDet-l",
        "license": "GPL-3.0",
        "run_parameters": {
            "imgsz": 640,
            "conf": 0.001
        },
        "param_count": 52315804,
        "run_date": "2024-09-23T02:44:35.648853+00:00"
    },
    "map50_95": 0.5062431026930081,
    "map50": 0.6822713528807453,
    "map75": 0.552470545227493,
    "small_objects": {
        "map50_95": 0.2356686618529939,
        "map50": 0.372615556532781,
        "map75": 0.25208955641500647
    },
    "medium_objects": {
        "map50_95": 0.46594759881472436,
        "map50": 0.6514727526021955,
        "map75": 0.5198676423072635
    },
    "large_objects": {
        "map50_95": 0.6464732327266226,
        "map50": 0.7900282126284217,
        "map75": 0.7058076059425709
    },
    "iou_thresholds": [
        0.5,
        0.55,
        0.6,
        0.65,
        0.7,
        0.75,
        0.8,
        0.85,
        0.8999999999999999,
        0.95
    ],
    "f1_50": 0.05531823313118092,
    "f1_75": 0.04542934511571345,
    "f1_small_objects": {
        "f1_50": 0.06119915689149719,
        "f1_75": 0.03836892145477396
    },
    "f1_medium_objects": {
        "f1_50": 0.07505402197985796,
        "f1_75": 0.06332868604087104
    },
    "f1_large_objects": {
        "f1_50": 0.09115047938045687,
        "f1_75": 0.08450031511677494
    },
    "f1_iou_thresholds": [
        0.5,
        0.55,
        0.6,
        0.65,
        0.7,
        0.75,
        0.8,
        0.85,
        0.8999999999999999,
        0.95
    ]
}
