{
    "iou_thresholds": [
        0.5,
        0.55,
        0.6,
        0.65,
        0.7,
        0.75,
        0.8,
        0.85,
        0.8999999999999999,
        0.95
    ],
    "map50_95": 0.6219673050358607,
    "map50": 0.8096727006182466,
    "map75": 0.6781777887290552,
    "small_objects": {
        "map50_95": 0.2504603834493557,
        "map50": 0.43784196347166965,
        "map75": 0.25552411969740174
    },
    "medium_objects": {
        "map50_95": 0.5337712019544067,
        "map50": 0.7393866077104774,
        "map75": 0.6049052333951284
    },
    "large_objects": {
        "map50_95": 0.7705737880812008,
        "map50": 0.9019785002987982,
        "map75": 0.8396769719031294
    },
    "metadata": {
        "model": "RT-DETRv2 (r50vd)",
        "param_count": 49972332,
        "run_date": "2024-09-10T01:19:21.199115+00:00"
    }
}
