{
    "metadata": {
        "model": "yolov9c",
        "param_count": 25590912,
        "run_date": "2024-09-10T18:27:03.272076+00:00"
    },
    "map50_95": 0.4535708397022866,
    "map50": 0.594417112444946,
    "map75": 0.49515796619481156,
    "small_objects": {
        "map50_95": 0.18574693715020194,
        "map50": 0.2776940360432089,
        "map75": 0.20440376881609798
    },
    "medium_objects": {
        "map50_95": 0.4201132264249571,
        "map50": 0.5679919743110518,
        "map75": 0.47759917700130305
    },
    "large_objects": {
        "map50_95": 0.5959593446394084,
        "map50": 0.7155744296586348,
        "map75": 0.6428719140261839
    },
    "iou_thresholds": [
        0.5,
        0.55,
        0.6,
        0.65,
        0.7,
        0.75,
        0.8,
        0.85,
        0.8999999999999999,
        0.95
    ]
}
