{
    "metadata": {
        "model": "yolov9s",
        "license": "GPL-3.0",
        "param_count": 7318368,
        "run_date": "2024-09-10T18:23:09.475364+00:00"
    },
    "map50_95": 0.39988567792255253,
    "map50": 0.53038751012875,
    "map75": 0.43431650021814494,
    "small_objects": {
        "map50_95": 0.12065859464546519,
        "map50": 0.18992841451893144,
        "map75": 0.13484037617624983
    },
    "medium_objects": {
        "map50_95": 0.3513426625692157,
        "map50": 0.4848999331901174,
        "map75": 0.3968401235789069
    },
    "large_objects": {
        "map50_95": 0.5541534241028745,
        "map50": 0.6745422281176703,
        "map75": 0.5989331963085347
    },
    "iou_thresholds": [
        0.5,
        0.55,
        0.6,
        0.65,
        0.7,
        0.75,
        0.8,
        0.85,
        0.8999999999999999,
        0.95
    ]
}
