{
    "metadata": {
        "model": "yolov9t",
        "param_count": 2128720,
        "run_date": "2024-09-10T12:56:36.333495+00:00"
    },
    "map50_95": 0.31301368676647484,
    "map50": 0.4209058136897319,
    "map75": 0.34284126314090574,
    "small_objects": {
        "map50_95": 0.051830574304550264,
        "map50": 0.08870363831982105,
        "map75": 0.05562586580704457
    },
    "medium_objects": {
        "map50_95": 0.21358675356827156,
        "map50": 0.30668385328224523,
        "map75": 0.24194254630141426
    },
    "large_objects": {
        "map50_95": 0.441852442870232,
        "map50": 0.5577044161911326,
        "map75": 0.4827811863615367
    },
    "iou_thresholds": [
        0.5,
        0.55,
        0.6,
        0.65,
        0.7,
        0.75,
        0.8,
        0.85,
        0.8999999999999999,
        0.95
    ]
}