{
    "metadata": {
        "model": "yolov9m",
        "license": "GPL-3.0",
        "run_parameters": {
            "imgsz": 640,
            "conf": 0.001
        },
        "param_count": 20216160,
        "run_date": "2024-09-30T06:42:39.183592+00:00"
    },
    "map50_95": 0.4451839478774605,
    "map50": 0.5831185985538379,
    "map75": 0.4853667242998501,
    "small_objects": {
        "map50_95": 0.17538893236879358,
        "map50": 0.27564828444173095,
        "map75": 0.1922635646911416
    },
    "medium_objects": {
        "map50_95": 0.40636906130888556,
        "map50": 0.5473189771158571,
        "map75": 0.46307537006547655
    },
    "large_objects": {
        "map50_95": 0.5858913031997274,
        "map50": 0.7053053109513935,
        "map75": 0.6291372196493704
    },
    "iou_thresholds": [
        0.5,
        0.55,
        0.6,
        0.65,
        0.7,
        0.75,
        0.8,
        0.85,
        0.8999999999999999,
        0.95
    ],
    "f1_50": 0.6720582894680438,
    "f1_75": 0.5664008053153977,
    "f1_small_objects": {
        "f1_50": 0.439578995042141,
        "f1_75": 0.3056864975785987
    },
    "f1_medium_objects": {
        "f1_50": 0.6649196158755413,
        "f1_75": 0.5762167030476275
    },
    "f1_large_objects": {
        "f1_50": 0.7968064704598246,
        "f1_75": 0.7291444396300596
    },
    "f1_iou_thresholds": [
        0.5,
        0.55,
        0.6,
        0.65,
        0.7,
        0.75,
        0.8,
        0.85,
        0.8999999999999999,
        0.95
    ]
}
