{
    "metadata": {
        "model": "yolov9t",
        "license": "GPL-3.0",
        "run_parameters": {
            "imgsz": 640,
            "conf": 0.001
        },
        "param_count": 2128720,
        "run_date": "2024-09-23T01:00:28.411708+00:00"
    },
    "map50_95": 0.3148445800814835,
    "map50": 0.4241138501675671,
    "map75": 0.3426335934346184,
    "small_objects": {
        "map50_95": 0.07120163540871129,
        "map50": 0.11174232205401351,
        "map75": 0.07893993419249334
    },
    "medium_objects": {
        "map50_95": 0.25545579544933383,
        "map50": 0.3605578414659494,
        "map75": 0.2889781089198915
    },
    "large_objects": {
        "map50_95": 0.45514864545285993,
        "map50": 0.5681690113767972,
        "map75": 0.4914181158630739
    },
    "iou_thresholds": [
        0.5,
        0.55,
        0.6,
        0.65,
        0.7,
        0.75,
        0.8,
        0.85,
        0.8999999999999999,
        0.95
    ],
    "f1_50": 0.5719152305573845,
    "f1_75": 0.4673423681283036,
    "f1_small_objects": {
        "f1_50": 0.27022405958942564,
        "f1_75": 0.17610263768320608
    },
    "f1_medium_objects": {
        "f1_50": 0.5483425123308346,
        "f1_75": 0.4471337425531256
    },
    "f1_large_objects": {
        "f1_50": 0.7342688369297583,
        "f1_75": 0.6520192453221381
    },
    "f1_iou_thresholds": [
        0.5,
        0.55,
        0.6,
        0.65,
        0.7,
        0.75,
        0.8,
        0.85,
        0.8999999999999999,
        0.95
    ]
}