{
    "metadata": {
        "model": "yolov9e",
        "license": "GPL-3.0",
        "run_parameters": {
            "imgsz": 640,
            "conf": 0.001,
            "iou": 0.7
        },
        "param_count": 58206592,
        "run_date": "2025-02-20T05:10:20.983044+00:00"
    },
    "map50_95": 0.5444131848845759,
    "map50": 0.713442969766014,
    "map75": 0.5935709672359948,
    "small_objects": {
        "map50_95": 0.29227994093210763,
        "map50": 0.4480241073235699,
        "map75": 0.3199802458114144
    },
    "medium_objects": {
        "map50_95": 0.5141449751094938,
        "map50": 0.6862917294427895,
        "map75": 0.577955257489353
    },
    "large_objects": {
        "map50_95": 0.6763711509171204,
        "map50": 0.8056410491069228,
        "map75": 0.7266083857176014
    },
    "iou_thresholds": [
        0.5,
        0.55,
        0.6,
        0.65,
        0.7,
        0.75,
        0.8,
        0.85,
        0.8999999999999999,
        0.95
    ],
    "f1_50": 0.18563836731050049,
    "f1_75": 0.15880450202750643,
    "f1_small_objects": {
        "f1_50": 0.11151401635468236,
        "f1_75": 0.07490449307337263
    },
    "f1_medium_objects": {
        "f1_50": 0.22198606641516444,
        "f1_75": 0.19858954464797968
    },
    "f1_large_objects": {
        "f1_50": 0.39370546007618734,
        "f1_75": 0.37224876539716867
    },
    "f1_iou_thresholds": [
        0.5,
        0.55,
        0.6,
        0.65,
        0.7,
        0.75,
        0.8,
        0.85,
        0.8999999999999999,
        0.95
    ]
}
