{
    "metadata": {
        "model": "yolov9t",
        "param_count": 2128720,
        "run_date": "2024-09-10T18:21:39.368643+00:00"
    },
    "map50_95": 0.31484470085443045,
    "map50": 0.4241138501675671,
    "map75": 0.34263421646966175,
    "small_objects": {
        "map50_95": 0.07120163540871129,
        "map50": 0.11174232205401353,
        "map75": 0.07893993419249333
    },
    "medium_objects": {
        "map50_95": 0.25545579544933383,
        "map50": 0.3605578414659495,
        "map75": 0.2889781089198915
    },
    "large_objects": {
        "map50_95": 0.4551486454528599,
        "map50": 0.5681690113767974,
        "map75": 0.4914181158630737
    },
    "iou_thresholds": [
        0.5,
        0.55,
        0.6,
        0.65,
        0.7,
        0.75,
        0.8,
        0.85,
        0.8999999999999999,
        0.95
    ]
}
