{
    "metadata": {
        "model": "yolov9e",
        "license": "GPL-3.0",
        "run_parameters": {
            "imgsz": 640,
            "conf": 0.001
        },
        "param_count": 58206592,
        "run_date": "2024-09-10T18:30:48.264219+00:00"
    },
    "map50_95": 0.4828738833614375,
    "map50": 0.6233720168352107,
    "map75": 0.5261423814037911,
    "small_objects": {
        "map50_95": 0.21191397464113573,
        "map50": 0.31618641396537245,
        "map75": 0.2328283345472517
    },
    "medium_objects": {
        "map50_95": 0.4442516837763133,
        "map50": 0.5875706829492303,
        "map75": 0.49985577749163035
    },
    "large_objects": {
        "map50_95": 0.6245324679283781,
        "map50": 0.7440353808895063,
        "map75": 0.6656425638071636
    },
    "iou_thresholds": [
        0.5,
        0.55,
        0.6,
        0.65,
        0.7,
        0.75,
        0.8,
        0.85,
        0.8999999999999999,
        0.95
    ]
}
