{
    "metadata": {
        "model": "yolov9c",
        "license": "GPL-3.0",
        "run_parameters": {
            "imgsz": 640,
            "conf": 0.001
        },
        "param_count": 25590912,
        "run_date": "2024-09-23T01:05:54.193431+00:00"
    },
    "map50_95": 0.45357217952801887,
    "map50": 0.5944171390148683,
    "map75": 0.4951621225987526,
    "small_objects": {
        "map50_95": 0.1857469371502019,
        "map50": 0.2776940360432089,
        "map75": 0.20440376881609798
    },
    "medium_objects": {
        "map50_95": 0.42010911184162375,
        "map50": 0.5679919743110518,
        "map75": 0.47759240616796994
    },
    "large_objects": {
        "map50_95": 0.595959364796395,
        "map50": 0.7155744296586345,
        "map75": 0.6428719140261837
    },
    "iou_thresholds": [
        0.5,
        0.55,
        0.6,
        0.65,
        0.7,
        0.75,
        0.8,
        0.85,
        0.8999999999999999,
        0.95
    ],
    "f1_50": 0.681658857023012,
    "f1_75": 0.5780711943562433,
    "f1_small_objects": {
        "f1_50": 0.4502321854981908,
        "f1_75": 0.323811810701791
    },
    "f1_medium_objects": {
        "f1_50": 0.6721919523877061,
        "f1_75": 0.5824011511590629
    },
    "f1_large_objects": {
        "f1_50": 0.8058788418289405,
        "f1_75": 0.7386821073611137
    },
    "f1_iou_thresholds": [
        0.5,
        0.55,
        0.6,
        0.65,
        0.7,
        0.75,
        0.8,
        0.85,
        0.8999999999999999,
        0.95
    ]
}
