{
    "metadata": {
        "model": "yolov9m",
        "license": "GPL-3.0",
        "run_parameters": {
            "imgsz": 640,
            "conf": 0.001,
            "iou": 0.7
        },
        "param_count": 20216160,
        "run_date": "2025-02-20T05:05:14.159789+00:00"
    },
    "map50_95": 0.503680159931245,
    "map50": 0.6679475879115587,
    "map75": 0.5495791469526672,
    "small_objects": {
        "map50_95": 0.22924491236197678,
        "map50": 0.36771760081774935,
        "map75": 0.24684427042612014
    },
    "medium_objects": {
        "map50_95": 0.4740700859238536,
        "map50": 0.6430958510894205,
        "map75": 0.5383508781255381
    },
    "large_objects": {
        "map50_95": 0.6436893565535166,
        "map50": 0.7770296835824193,
        "map75": 0.6966677924077946
    },
    "iou_thresholds": [
        0.5,
        0.55,
        0.6,
        0.65,
        0.7,
        0.75,
        0.8,
        0.85,
        0.8999999999999999,
        0.95
    ],
    "f1_50": 0.13583558798144657,
    "f1_75": 0.11298361662213478,
    "f1_small_objects": {
        "f1_50": 0.08489901508502337,
        "f1_75": 0.05142981249090868
    },
    "f1_medium_objects": {
        "f1_50": 0.15738061948184276,
        "f1_75": 0.13730846251035692
    },
    "f1_large_objects": {
        "f1_50": 0.3027174114606264,
        "f1_75": 0.2848350280851317
    },
    "f1_iou_thresholds": [
        0.5,
        0.55,
        0.6,
        0.65,
        0.7,
        0.75,
        0.8,
        0.85,
        0.8999999999999999,
        0.95
    ]
}