{
    "metadata": {
        "model": "yolov9e",
        "license": "GPL-3.0",
        "run_parameters": {
            "imgsz": 640,
            "conf": 0.001
        },
        "param_count": 58206592,
        "run_date": "2024-09-23T01:08:55.750113+00:00"
    },
    "map50_95": 0.48287396454313203,
    "map50": 0.6233720168352108,
    "map75": 0.5261423814037911,
    "small_objects": {
        "map50_95": 0.21191397464113576,
        "map50": 0.31618641396537245,
        "map75": 0.23282833454725174
    },
    "medium_objects": {
        "map50_95": 0.4442516837763134,
        "map50": 0.5875706829492301,
        "map75": 0.4998557774916305
    },
    "large_objects": {
        "map50_95": 0.624532480051249,
        "map50": 0.7440353808895063,
        "map75": 0.6656425638071635
    },
    "iou_thresholds": [
        0.5,
        0.55,
        0.6,
        0.65,
        0.7,
        0.75,
        0.8,
        0.85,
        0.8999999999999999,
        0.95
    ],
    "f1_50": 0.7020017644311185,
    "f1_75": 0.6038844939278739,
    "f1_small_objects": {
        "f1_50": 0.4911775047169899,
        "f1_75": 0.3636445488338881
    },
    "f1_medium_objects": {
        "f1_50": 0.6951523914978337,
        "f1_75": 0.611937876518263
    },
    "f1_large_objects": {
        "f1_50": 0.8162352015670431,
        "f1_75": 0.7548819414531337
    },
    "f1_iou_thresholds": [
        0.5,
        0.55,
        0.6,
        0.65,
        0.7,
        0.75,
        0.8,
        0.85,
        0.8999999999999999,
        0.95
    ]
}