{
    "metadata": {
        "model": "yolov9s",
        "license": "GPL-3.0",
        "run_parameters": {
            "imgsz": 640,
            "conf": 0.001
        },
        "param_count": 7318368,
        "run_date": "2024-09-30T06:41:11.090139+00:00"
    },
    "map50_95": 0.3998856779225525,
    "map50": 0.5303875101287499,
    "map75": 0.4343165002181449,
    "small_objects": {
        "map50_95": 0.12065859464546518,
        "map50": 0.18992841451893144,
        "map75": 0.13484037617624983
    },
    "medium_objects": {
        "map50_95": 0.35134266256921565,
        "map50": 0.48489993319011715,
        "map75": 0.3968401235789068
    },
    "large_objects": {
        "map50_95": 0.5541534241028745,
        "map50": 0.67454222811767,
        "map75": 0.5989331963085347
    },
    "iou_thresholds": [
        0.5,
        0.55,
        0.6,
        0.65,
        0.7,
        0.75,
        0.8,
        0.85,
        0.8999999999999999,
        0.95
    ],
    "f1_50": 0.6406350740906483,
    "f1_75": 0.5359112507399519,
    "f1_small_objects": {
        "f1_50": 0.37910324781370836,
        "f1_75": 0.25854621335266853
    },
    "f1_medium_objects": {
        "f1_50": 0.6263347159675825,
        "f1_75": 0.5345376426779983
    },
    "f1_large_objects": {
        "f1_50": 0.7809525676517489,
        "f1_75": 0.7091340381571999
    },
    "f1_iou_thresholds": [
        0.5,
        0.55,
        0.6,
        0.65,
        0.7,
        0.75,
        0.8,
        0.85,
        0.8999999999999999,
        0.95
    ]
}
