{
    "metadata": {
        "model": "yolov9c",
        "license": "GPL-3.0",
        "run_parameters": {
            "imgsz": 640,
            "conf": 0.001,
            "iou": 0.7
        },
        "param_count": 25590912,
        "run_date": "2025-02-20T05:07:44.111809+00:00"
    },
    "map50_95": 0.5179913808721485,
    "map50": 0.6887939601787192,
    "map75": 0.5651597759089089,
    "small_objects": {
        "map50_95": 0.2653249426543031,
        "map50": 0.4156170770889704,
        "map75": 0.283682733881492
    },
    "medium_objects": {
        "map50_95": 0.4889748199616383,
        "map50": 0.6650096598642262,
        "map75": 0.5513936985963214
    },
    "large_objects": {
        "map50_95": 0.6551025967454293,
        "map50": 0.7897796914507222,
        "map75": 0.7074046745403788
    },
    "iou_thresholds": [
        0.5,
        0.55,
        0.6,
        0.65,
        0.7,
        0.75,
        0.8,
        0.85,
        0.8999999999999999,
        0.95
    ],
    "f1_50": 0.1514069865074516,
    "f1_75": 0.12696131983736741,
    "f1_small_objects": {
        "f1_50": 0.09259716902889166,
        "f1_75": 0.058156344797241376
    },
    "f1_medium_objects": {
        "f1_50": 0.17943733899572073,
        "f1_75": 0.15639494527397632
    },
    "f1_large_objects": {
        "f1_50": 0.33140875406312703,
        "f1_75": 0.31300394278493504
    },
    "f1_iou_thresholds": [
        0.5,
        0.55,
        0.6,
        0.65,
        0.7,
        0.75,
        0.8,
        0.85,
        0.8999999999999999,
        0.95
    ]
}