{
    "metadata": {
        "model": "yolov9s",
        "license": "GPL-3.0",
        "run_parameters": {
            "imgsz": 640,
            "conf": 0.001,
            "iou": 0.7
        },
        "param_count": 7318368,
        "run_date": "2025-02-20T05:02:38.469092+00:00"
    },
    "map50_95": 0.4579079117046086,
    "map50": 0.6209883373864815,
    "map75": 0.49566818448572,
    "small_objects": {
        "map50_95": 0.1769891718422516,
        "map50": 0.29324919038936353,
        "map75": 0.18858794920763006
    },
    "medium_objects": {
        "map50_95": 0.4165938839431278,
        "map50": 0.5856443251574291,
        "map75": 0.4647859562325216
    },
    "large_objects": {
        "map50_95": 0.6079285995680725,
        "map50": 0.7435072388683229,
        "map75": 0.6606526087002239
    },
    "iou_thresholds": [
        0.5,
        0.55,
        0.6,
        0.65,
        0.7,
        0.75,
        0.8,
        0.85,
        0.8999999999999999,
        0.95
    ],
    "f1_50": 0.11080692861333914,
    "f1_75": 0.08971081343559993,
    "f1_small_objects": {
        "f1_50": 0.07153851818433372,
        "f1_75": 0.04023482083194967
    },
    "f1_medium_objects": {
        "f1_50": 0.12574178060345104,
        "f1_75": 0.10608115286368257
    },
    "f1_large_objects": {
        "f1_50": 0.25395637265160204,
        "f1_75": 0.23644231811648034
    },
    "f1_iou_thresholds": [
        0.5,
        0.55,
        0.6,
        0.65,
        0.7,
        0.75,
        0.8,
        0.85,
        0.8999999999999999,
        0.95
    ]
}
