{
    "metadata": {
        "model": "yolov9m",
        "param_count": 20216160,
        "run_date": "2024-09-10T18:24:59.815339+00:00"
    },
    "map50_95": 0.44518394787746063,
    "map50": 0.5831185985538379,
    "map75": 0.4853667242998501,
    "small_objects": {
        "map50_95": 0.1753889323687936,
        "map50": 0.27564828444173106,
        "map75": 0.19226356469114164
    },
    "medium_objects": {
        "map50_95": 0.40636906130888556,
        "map50": 0.547318977115857,
        "map75": 0.4630753700654763
    },
    "large_objects": {
        "map50_95": 0.5858913031997273,
        "map50": 0.7053053109513934,
        "map75": 0.6291372196493704
    },
    "iou_thresholds": [
        0.5,
        0.55,
        0.6,
        0.65,
        0.7,
        0.75,
        0.8,
        0.85,
        0.8999999999999999,
        0.95
    ]
}
