{
    "metadata": {
        "model": "yolov9t",
        "license": "GPL-3.0",
        "run_parameters": {
            "imgsz": 640,
            "conf": 0.001,
            "iou": 0.7
        },
        "param_count": 2128720,
        "run_date": "2025-02-20T04:59:53.248778+00:00"
    },
    "map50_95": 0.3740086014446017,
    "map50": 0.5205811210617505,
    "map75": 0.4037738028767654,
    "small_objects": {
        "map50_95": 0.11146238961723998,
        "map50": 0.19091484704509157,
        "map75": 0.11631097059519609
    },
    "medium_objects": {
        "map50_95": 0.3226497064817523,
        "map50": 0.4714693934800594,
        "map75": 0.35776118036569193
    },
    "large_objects": {
        "map50_95": 0.5200147031406182,
        "map50": 0.6555398219159424,
        "map75": 0.5620361458254105
    },
    "iou_thresholds": [
        0.5,
        0.55,
        0.6,
        0.65,
        0.7,
        0.75,
        0.8,
        0.85,
        0.8999999999999999,
        0.95
    ],
    "f1_50": 0.08301378559916388,
    "f1_75": 0.06433345734493665,
    "f1_small_objects": {
        "f1_50": 0.059623116850779465,
        "f1_75": 0.029620492602510453
    },
    "f1_medium_objects": {
        "f1_50": 0.09186875330913578,
        "f1_75": 0.0728419841171714
    },
    "f1_large_objects": {
        "f1_50": 0.17302317140202428,
        "f1_75": 0.15834456431097232
    },
    "f1_iou_thresholds": [
        0.5,
        0.55,
        0.6,
        0.65,
        0.7,
        0.75,
        0.8,
        0.85,
        0.8999999999999999,
        0.95
    ]
}