{
    "metadata": {
        "model": "yolov12x",
        "license": "APGL-3.0",
        "run_parameters": {
            "imgsz": 640,
            "iou": 0.6,
            "max_det": 300,
            "conf": 0.001,
            "verbose": false
        },
        "param_count": 59135744,
        "run_date": "2025-02-19T16:44:06.185832+00:00"
    },
    "map50_95": 0.5271687961223182,
    "map50": 0.694594330866477,
    "map75": 0.5718752331278235,
    "small_objects": {
        "map50_95": 0.26662368901288247,
        "map50": 0.4083315780395303,
        "map75": 0.28726502359950207
    },
    "medium_objects": {
        "map50_95": 0.49810265810612453,
        "map50": 0.671157716616775,
        "map75": 0.5554030839991746
    },
    "large_objects": {
        "map50_95": 0.6500511182392474,
        "map50": 0.779836135345746,
        "map75": 0.6994127457039145
    },
    "iou_thresholds": [
        0.5,
        0.55,
        0.6,
        0.65,
        0.7,
        0.75,
        0.8,
        0.85,
        0.8999999999999999,
        0.95
    ],
    "f1_50": 0.2389024021820415,
    "f1_75": 0.19947636375278777,
    "f1_small_objects": {
        "f1_50": 0.14861077823157104,
        "f1_75": 0.09774784580190986
    },
    "f1_medium_objects": {
        "f1_50": 0.26173244957709363,
        "f1_75": 0.22673401812162142
    },
    "f1_large_objects": {
        "f1_50": 0.5041950424432747,
        "f1_75": 0.4687472087493045
    },
    "f1_iou_thresholds": [
        0.5,
        0.55,
        0.6,
        0.65,
        0.7,
        0.75,
        0.8,
        0.85,
        0.8999999999999999,
        0.95
    ]
}
