{
    "metadata": {
        "model": "yolov12l",
        "license": "APGL-3.0",
        "run_parameters": {
            "imgsz": 640,
            "iou": 0.6,
            "max_det": 300,
            "conf": 0.001,
            "verbose": false
        },
        "param_count": 26400752,
        "run_date": "2025-02-19T16:41:18.697136+00:00"
    },
    "map50_95": 0.5140386462641737,
    "map50": 0.6835472858318616,
    "map75": 0.5560183101907337,
    "small_objects": {
        "map50_95": 0.23956164656482049,
        "map50": 0.3822461519277125,
        "map75": 0.25619018530844434
    },
    "medium_objects": {
        "map50_95": 0.48147184869355797,
        "map50": 0.6553303495204026,
        "map75": 0.5385348590979039
    },
    "large_objects": {
        "map50_95": 0.6379708732125071,
        "map50": 0.7715091682416584,
        "map75": 0.6838877611982492
    },
    "iou_thresholds": [
        0.5,
        0.55,
        0.6,
        0.65,
        0.7,
        0.75,
        0.8,
        0.85,
        0.8999999999999999,
        0.95
    ],
    "f1_50": 0.21469812716696077,
    "f1_75": 0.17665828989388385,
    "f1_small_objects": {
        "f1_50": 0.131228682059136,
        "f1_75": 0.08224892848550594
    },
    "f1_medium_objects": {
        "f1_50": 0.2334702354345676,
        "f1_75": 0.20025833367498136
    },
    "f1_large_objects": {
        "f1_50": 0.473558418895958,
        "f1_75": 0.43722698468443943
    },
    "f1_iou_thresholds": [
        0.5,
        0.55,
        0.6,
        0.65,
        0.7,
        0.75,
        0.8,
        0.85,
        0.8999999999999999,
        0.95
    ]
}
