{
    "metadata": {
        "model": "yolov12n",
        "license": "APGL-3.0",
        "run_parameters": {
            "imgsz": 640,
            "iou": 0.6,
            "max_det": 300,
            "conf": 0.001,
            "verbose": false
        },
        "param_count": 2590824,
        "run_date": "2025-02-19T16:37:09.075554+00:00"
    },
    "map50_95": 0.3877159586864732,
    "map50": 0.5469040018039328,
    "map75": 0.413670471361677,
    "small_objects": {
        "map50_95": 0.11829698944259229,
        "map50": 0.20705537607869406,
        "map75": 0.1267675833162641
    },
    "medium_objects": {
        "map50_95": 0.33745698777837524,
        "map50": 0.5032719598066004,
        "map75": 0.36669296690341435
    },
    "large_objects": {
        "map50_95": 0.5334164629555207,
        "map50": 0.6827482690098516,
        "map75": 0.5731754055269189
    },
    "iou_thresholds": [
        0.5,
        0.55,
        0.6,
        0.65,
        0.7,
        0.75,
        0.8,
        0.85,
        0.8999999999999999,
        0.95
    ],
    "f1_50": 0.12676048844705637,
    "f1_75": 0.09444949511021651,
    "f1_small_objects": {
        "f1_50": 0.0758052313432873,
        "f1_75": 0.036825119256434086
    },
    "f1_medium_objects": {
        "f1_50": 0.1288292768173158,
        "f1_75": 0.09600451084618905
    },
    "f1_large_objects": {
        "f1_50": 0.2992891077526277,
        "f1_75": 0.26438966588649454
    },
    "f1_iou_thresholds": [
        0.5,
        0.55,
        0.6,
        0.65,
        0.7,
        0.75,
        0.8,
        0.85,
        0.8999999999999999,
        0.95
    ]
}
