{
    "metadata": {
        "model": "yolov12s",
        "license": "APGL-3.0",
        "run_parameters": {
            "imgsz": 640,
            "iou": 0.6,
            "max_det": 300,
            "conf": 0.001,
            "verbose": false
        },
        "param_count": 9261840,
        "run_date": "2025-02-19T16:38:12.718959+00:00"
    },
    "map50_95": 0.45693791744216783,
    "map50": 0.625105039417675,
    "map75": 0.4901687610051952,
    "small_objects": {
        "map50_95": 0.18074420578912176,
        "map50": 0.2976391305720489,
        "map75": 0.18945271054269097
    },
    "medium_objects": {
        "map50_95": 0.4162154779943921,
        "map50": 0.5941075118162098,
        "map75": 0.4570060051526254
    },
    "large_objects": {
        "map50_95": 0.5973586921812142,
        "map50": 0.7404383120592584,
        "map75": 0.6474110714091117
    },
    "iou_thresholds": [
        0.5,
        0.55,
        0.6,
        0.65,
        0.7,
        0.75,
        0.8,
        0.85,
        0.8999999999999999,
        0.95
    ],
    "f1_50": 0.16900212076072182,
    "f1_75": 0.13306621893981532,
    "f1_small_objects": {
        "f1_50": 0.09964809290924767,
        "f1_75": 0.05521867370721874
    },
    "f1_medium_objects": {
        "f1_50": 0.17818454039201131,
        "f1_75": 0.14331248103748132
    },
    "f1_large_objects": {
        "f1_50": 0.3993554965618543,
        "f1_75": 0.3632304913439791
    },
    "f1_iou_thresholds": [
        0.5,
        0.55,
        0.6,
        0.65,
        0.7,
        0.75,
        0.8,
        0.85,
        0.8999999999999999,
        0.95
    ]
}
