{
    "metadata": {
        "model": "DEIM-RT-DETRv2-L",
        "license": "Apache-2.0",
        "run_parameters": {
            "imgsz": 640,
            "conf": 0.001
        },
        "param_count": 42144876,
        "run_date": "2025-02-20T20:19:01.483998+00:00"
    },
    "map50_95": 0.5257220834444374,
    "map50": 0.7003831378646848,
    "map75": 0.571233987999587,
    "small_objects": {
        "map50_95": 0.2633876023881778,
        "map50": 0.4132813582831061,
        "map75": 0.28808623053184956
    },
    "medium_objects": {
        "map50_95": 0.48163150411798367,
        "map50": 0.6590597630556143,
        "map75": 0.5399958205252996
    },
    "large_objects": {
        "map50_95": 0.6654751949311057,
        "map50": 0.7969340355074662,
        "map75": 0.722820091919793
    },
    "iou_thresholds": [
        0.5,
        0.55,
        0.6,
        0.65,
        0.7,
        0.75,
        0.8,
        0.85,
        0.8999999999999999,
        0.95
    ],
    "f1_50": 0.05656097976755521,
    "f1_75": 0.046441633787031755,
    "f1_small_objects": {
        "f1_50": 0.054914762855029234,
        "f1_75": 0.034438928720988755
    },
    "f1_medium_objects": {
        "f1_50": 0.10002070574438046,
        "f1_75": 0.0856411113679184
    },
    "f1_large_objects": {
        "f1_50": 0.07726264739479823,
        "f1_75": 0.07334438697215113
    },
    "f1_iou_thresholds": [
        0.5,
        0.55,
        0.6,
        0.65,
        0.7,
        0.75,
        0.8,
        0.85,
        0.8999999999999999,
        0.95
    ]
}
