{
    "metadata": {
        "model": "DEIM-RT-DETRv2-M",
        "license": "Apache-2.0",
        "run_parameters": {
            "imgsz": 640,
            "conf": 0.001
        },
        "param_count": 31236356,
        "run_date": "2025-02-20T20:13:52.050453+00:00"
    },
    "map50_95": 0.49016576880229606,
    "map50": 0.6605780649546811,
    "map75": 0.529338670817596,
    "small_objects": {
        "map50_95": 0.23985943814144325,
        "map50": 0.3764782246195876,
        "map75": 0.25464778499819896
    },
    "medium_objects": {
        "map50_95": 0.44887419934506634,
        "map50": 0.6181328695492796,
        "map75": 0.49813802852554784
    },
    "large_objects": {
        "map50_95": 0.6236151150596891,
        "map50": 0.7603156568264783,
        "map75": 0.6759902405586351
    },
    "iou_thresholds": [
        0.5,
        0.55,
        0.6,
        0.65,
        0.7,
        0.75,
        0.8,
        0.85,
        0.8999999999999999,
        0.95
    ],
    "f1_50": 0.055958165666215975,
    "f1_75": 0.04567158378953439,
    "f1_small_objects": {
        "f1_50": 0.05567988801021649,
        "f1_75": 0.03473933157495782
    },
    "f1_medium_objects": {
        "f1_50": 0.09335487723063632,
        "f1_75": 0.07917378612346948
    },
    "f1_large_objects": {
        "f1_50": 0.07590553801542865,
        "f1_75": 0.07176129327670185
    },
    "f1_iou_thresholds": [
        0.5,
        0.55,
        0.6,
        0.65,
        0.7,
        0.75,
        0.8,
        0.85,
        0.8999999999999999,
        0.95
    ]
}