{
    "metadata": {
        "model": "DEIM-D-FINE-S",
        "license": "Apache-2.0",
        "run_parameters": {
            "imgsz": 640,
            "conf": 0.001
        },
        "param_count": 10237491,
        "run_date": "2025-02-20T19:58:49.232343+00:00"
    },
    "map50_95": 0.4727460130112636,
    "map50": 0.6373947504602839,
    "map75": 0.5122212141115503,
    "small_objects": {
        "map50_95": 0.20001449762090254,
        "map50": 0.3301205387009533,
        "map75": 0.209960751715719
    },
    "medium_objects": {
        "map50_95": 0.42557760229157154,
        "map50": 0.59352658625712,
        "map75": 0.47802013045089115
    },
    "large_objects": {
        "map50_95": 0.6120464052534242,
        "map50": 0.7426743646011116,
        "map75": 0.659565466848395
    },
    "iou_thresholds": [
        0.5,
        0.55,
        0.6,
        0.65,
        0.7,
        0.75,
        0.8,
        0.85,
        0.8999999999999999,
        0.95
    ],
    "f1_50": 0.0547603360640866,
    "f1_75": 0.04410745481955724,
    "f1_small_objects": {
        "f1_50": 0.05446772353799717,
        "f1_75": 0.032202508685830133
    },
    "f1_medium_objects": {
        "f1_50": 0.08905474656815826,
        "f1_75": 0.07463922497314308
    },
    "f1_large_objects": {
        "f1_50": 0.07871211613944469,
        "f1_75": 0.07451788396115948
    },
    "f1_iou_thresholds": [
        0.5,
        0.55,
        0.6,
        0.65,
        0.7,
        0.75,
        0.8,
        0.85,
        0.8999999999999999,
        0.95
    ]
}
