{
    "metadata": {
        "model": "DEIM-D-FINE-L",
        "license": "Apache-2.0",
        "run_parameters": {
            "imgsz": 640,
            "conf": 0.001
        },
        "param_count": 30769891,
        "run_date": "2025-02-20T20:06:01.399749+00:00"
    },
    "map50_95": 0.5305782111290365,
    "map50": 0.701972573092591,
    "map75": 0.5781382139623187,
    "small_objects": {
        "map50_95": 0.25411214249813463,
        "map50": 0.4018464220893677,
        "map75": 0.27742390441437914
    },
    "medium_objects": {
        "map50_95": 0.4908228351897662,
        "map50": 0.6643237291278714,
        "map75": 0.5522393255913339
    },
    "large_objects": {
        "map50_95": 0.6691866567459411,
        "map50": 0.7995531262181084,
        "map75": 0.7240016978175483
    },
    "iou_thresholds": [
        0.5,
        0.55,
        0.6,
        0.65,
        0.7,
        0.75,
        0.8,
        0.85,
        0.8999999999999999,
        0.95
    ],
    "f1_50": 0.05579846532045357,
    "f1_75": 0.0462902363147331,
    "f1_small_objects": {
        "f1_50": 0.05588369629465948,
        "f1_75": 0.03572922744649411
    },
    "f1_medium_objects": {
        "f1_50": 0.09461024393911491,
        "f1_75": 0.08208596088673967
    },
    "f1_large_objects": {
        "f1_50": 0.07744327270061774,
        "f1_75": 0.07386063394484454
    },
    "f1_iou_thresholds": [
        0.5,
        0.55,
        0.6,
        0.65,
        0.7,
        0.75,
        0.8,
        0.85,
        0.8999999999999999,
        0.95
    ]
}