{
    "metadata": {
        "model": "DEIM-RT-DETRv2-S",
        "license": "Apache-2.0",
        "run_parameters": {
            "imgsz": 640,
            "conf": 0.001
        },
        "param_count": 19979152,
        "run_date": "2025-02-20T20:11:19.137640+00:00"
    },
    "map50_95": 0.47160354082098516,
    "map50": 0.6366777182915276,
    "map75": 0.5128284728434012,
    "small_objects": {
        "map50_95": 0.2316247389269901,
        "map50": 0.36311507449405256,
        "map75": 0.2514675647174292
    },
    "medium_objects": {
        "map50_95": 0.4230785326333056,
        "map50": 0.5879297439754769,
        "map75": 0.47404768672600694
    },
    "large_objects": {
        "map50_95": 0.6012874472434862,
        "map50": 0.732993585136058,
        "map75": 0.6533321504906515
    },
    "iou_thresholds": [
        0.5,
        0.55,
        0.6,
        0.65,
        0.7,
        0.75,
        0.8,
        0.85,
        0.8999999999999999,
        0.95
    ],
    "f1_50": 0.056693300892318846,
    "f1_75": 0.04590880270234649,
    "f1_small_objects": {
        "f1_50": 0.056876645930155775,
        "f1_75": 0.034959490463296994
    },
    "f1_medium_objects": {
        "f1_50": 0.09137861333562725,
        "f1_75": 0.0767188770884723
    },
    "f1_large_objects": {
        "f1_50": 0.07905882630657635,
        "f1_75": 0.07459310779515928
    },
    "f1_iou_thresholds": [
        0.5,
        0.55,
        0.6,
        0.65,
        0.7,
        0.75,
        0.8,
        0.85,
        0.8999999999999999,
        0.95
    ]
}
