{
    "metadata": {
        "model": "DEIM-D-FINE-X",
        "license": "Apache-2.0",
        "run_parameters": {
            "imgsz": 640,
            "conf": 0.001
        },
        "param_count": 61695555,
        "run_date": "2025-02-20T20:09:10.609249+00:00"
    },
    "map50_95": 0.5482012039465322,
    "map50": 0.7189047783103304,
    "map75": 0.597967652165565,
    "small_objects": {
        "map50_95": 0.265548943897823,
        "map50": 0.416150303983979,
        "map75": 0.2886551166846735
    },
    "medium_objects": {
        "map50_95": 0.5073919478477555,
        "map50": 0.6816750292398559,
        "map75": 0.5750115413243927
    },
    "large_objects": {
        "map50_95": 0.6902311427531072,
        "map50": 0.8180779346770715,
        "map75": 0.7420462579566929
    },
    "iou_thresholds": [
        0.5,
        0.55,
        0.6,
        0.65,
        0.7,
        0.75,
        0.8,
        0.85,
        0.8999999999999999,
        0.95
    ],
    "f1_50": 0.05679880130095285,
    "f1_75": 0.047285277022998465,
    "f1_small_objects": {
        "f1_50": 0.05556824916828816,
        "f1_75": 0.035701899942226174
    },
    "f1_medium_objects": {
        "f1_50": 0.09702051786410001,
        "f1_75": 0.08483196304564948
    },
    "f1_large_objects": {
        "f1_50": 0.0790509041837203,
        "f1_75": 0.07553735726829071
    },
    "f1_iou_thresholds": [
        0.5,
        0.55,
        0.6,
        0.65,
        0.7,
        0.75,
        0.8,
        0.85,
        0.8999999999999999,
        0.95
    ]
}
