{
    "iou_thresholds": [
        0.5,
        0.55,
        0.6,
        0.65,
        0.7,
        0.75,
        0.8,
        0.85,
        0.8999999999999999,
        0.95
    ],
    "map50_95": 0.6068804645877196,
    "map50": 0.7883618961274946,
    "map75": 0.6631654314656743,
    "small_objects": {
        "map50_95": 0.23125963664706173,
        "map50": 0.4085849773477063,
        "map75": 0.22864275981488086
    },
    "medium_objects": {
        "map50_95": 0.5113554214228532,
        "map50": 0.7123225456375273,
        "map75": 0.5826662204032486
    },
    "large_objects": {
        "map50_95": 0.7609680588072264,
        "map50": 0.8891516630075067,
        "map75": 0.8309345449010858
    },
    "metadata": {
        "model": "RT-DETRv2 (r34vd)",
        "param_count": 33212676,
        "run_date": "2024-09-10T01:06:51.452932+00:00"
    }
}
