{
    "iou_thresholds": [
        0.5,
        0.55,
        0.6,
        0.65,
        0.7,
        0.75,
        0.8,
        0.85,
        0.8999999999999999,
        0.95
    ],
    "map50_95": 0.5489609871880683,
    "map50": 0.6860184336370928,
    "map75": 0.6045700297381916,
    "small_objects": {
        "map50_95": 0.1722878745492069,
        "map50": 0.26576785459456864,
        "map75": 0.19762411832494842
    },
    "medium_objects": {
        "map50_95": 0.46835947941908884,
        "map50": 0.6219629007286289,
        "map75": 0.5371211335665715
    },
    "large_objects": {
        "map50_95": 0.7190518525430306,
        "map50": 0.8364077016654503,
        "map75": 0.7823202322936943
    },
    "metadata": {
        "model": "yolov9e",
        "param_count": 58206592,
        "run_date": "2024-09-06T05:46:24.834272+00:00"
    }
}
